"Strike","Bid1","Ask1","Apr.21.2017","Bid2","Ask2","May.19.2017","Bid3","Ask3","Jun.16.2017"
115,25.15,25.5,25.325,25.4,25.7,25.55,25.35,25.75,25.55
120,20.25,20.5,20.375,20.6,20.8,20.7,20.55,20.95,20.75
125,15.2,15.5,15.35,15.8,16,15.9,16,16.35,16.175
130,10.5,10.65,10.575,11.3,11.5,11.4,11.75,12,11.875
135,5.95,6.05,6,7.45,7.6,7.525,8.1,8.3,8.2
140,2.55,2.59,2.57,4.35,4.5,4.425,5.15,5.25,5.2
145,0.75,0.75,0.75,2.3,2.31,2.305,3.05,3.1,3.075
150,0.2,0.21,0.205,1.09,1.12,1.105,1.69,1.7,1.695
155,0.07,0.08,0.075,0.5,0.54,0.52,0.89,0.93,0.91
160,0.03,0.04,0.035,0.27,0.28,0.275,0.48,0.51,0.495
