"JPM","WFC","C","USB","XLF"
32.2520247645267,31.5872298967013,31.2263312166052,31.9431334615488,14.4262991639171
38.9581213056991,31.7493549311201,31.7173748646248,30.6678191833097,12.475171084999
8.63368528926186,30.941670011215,30.5479944921524,21.2295947595259,45.1511050696803
60.1443342840665,31.6520687751424,31.7940719984964,34.6241077191325,11.4189809751501
6.1502346724745,31.1328131530692,30.0575420365734,22.4536999019376,19.995178188115
24.1942763777913,31.4902227104207,31.6079290402941,29.8663868828946,67.2984916566496
51.2561953543191,31.7907173498683,31.8490834994603,34.8399244002556,11.9273620347592
114.920629508871,31.9315887259133,32.839942994717,39.3719084860956,17.9696016422703
27.0576934684684,31.2267928460421,31.0359078025856,27.8200943981073,6.44593329301704
234.305785302363,32.2514558655661,32.5694890876949,52.0198678013144,10.6087001652288
98.4633525484608,32.089565083759,32.66639631691,39.0128409020409,7.12410394156308
32.3258412054897,31.8612097296471,31.9412394910391,31.8136782129747,3.42971581045167
22.0960684226358,31.3059387968372,31.3182876916999,26.5494335399015,10.828227510089
28.6935820185327,31.5836230710444,31.592983415167,27.2958268185204,52.2398236508383
134.003191936762,31.9994829435816,32.338970434098,39.7780315570028,7.22338869653068
21.5179478473191,31.0243699452112,30.8578457801525,23.9600142547635,7.52530794935553
53.0256048089262,31.7743146918285,31.738351235473,35.6755921103571,47.3317483384869
18.6347546888404,31.3327241549809,31.2963225233339,27.8126782648525,3.53013631706351
17.9496119722822,31.1665363243178,30.6562764057746,24.5473145528656,15.4231246694117
49.5497987041342,31.5338360032721,31.2297816384581,33.8973484548276,12.4267135155227
29.5481890595753,31.5806401452623,31.6276624284279,31.3587416190291,24.9882873044188
23.5733408093061,31.4033456986937,30.7809221944954,27.9699895999826,4.77564647797664
20.8110190002812,31.3131675551818,31.1477672705896,26.1656077411166,5.61968407924908
23.3853960668989,31.4262456000477,30.8045748280991,28.8832317104,3.27881819315363
15.8725602253363,31.2784387558347,31.0834242394022,25.1454352034819,15.2183166558463
30.7731560461785,31.0618068530816,31.0671239632477,27.4224261326123,16.6034919474651
67.3429084881226,31.8206457952521,31.7627255304436,37.9313894738985,6.20648525539834
8.37154409370947,30.8793943709799,30.4603690418761,21.4805106837705,44.9260051987379
19.1463977351256,31.2467313667586,31.3581509248876,26.8417839533136,18.5907028588791
8.12469092356982,30.7779899578535,30.4758427834738,19.7410039624371,13.0014288444884
31.7150731518956,31.5396313004625,31.7601103434125,29.5342662435618,18.7664245389627
31.2925180172136,31.4413564352786,31.0646667098602,28.7486877141539,7.85092861043087
23.7730356530679,31.4347483618796,31.0358400858002,28.9190856649488,2.60997028362151
18.2010547896869,31.2657558105027,31.0229186717408,25.4311718505215,24.5694026241454
16.8431882528623,31.3975890526579,30.9155820938501,26.8372130239187,10.8776590572714
43.53391286847,31.1536291619415,30.9908844590598,28.853573690957,12.5864851774125
31.9141799217241,31.6588347454701,31.0358030742094,31.1554608493993,5.62937841844997
22.0412689016845,31.3870453387763,31.0461134281535,28.3217452886265,5.14035537706861
36.6333471202268,31.6346768851837,31.5789783431016,32.0989756269233,34.1928376781676
10.0096439350847,31.2128614641506,30.8773692654568,22.509904659203,9.91940856265636
51.4427792603725,31.9674865149673,31.7277636530038,34.8081012079886,13.1606512871195
17.2321166830152,31.3611002446757,30.5289251737368,26.7400177257739,12.7375601375207
8.6912258150529,30.958109190814,30.2965395653748,22.2879691426603,11.1184663836106
28.3340197336099,31.3944597206367,31.243594781973,27.1656053216891,16.3468476546869
12.2341678876037,31.3055240791473,30.7407928449242,25.175022713254,4.36827650470356
31.0947006458666,31.4625732730128,31.564893789407,31.0398181330818,13.5317566624273
21.6183070051061,31.2400994812161,30.8189455971596,28.3664513343369,3.92538090201758
30.4975504368741,31.8019328834222,31.5678835124718,31.7708776366274,3.39826180007363
19.1779208817,31.3454968080652,31.0272829837992,28.3422261723391,21.4871631074346
34.4932938571601,31.6273224834146,30.9350697977299,33.5531448305873,8.92152056486253
29.1219926754466,31.4752007026568,30.9894864739292,29.1152135878218,12.6791480554645
54.4245608390225,31.6773980584061,31.9969175060819,32.5360854141801,13.7668181103371
20.5512697629367,31.0480026817622,31.273682855276,26.4183471767874,12.5512432997739
28.2445639603921,31.3861024030849,31.5052992086158,28.9569633662764,7.31534951155154
41.1213053241111,31.6629531159252,31.5406899384425,33.2969110877308,6.15888742150237
58.6626765309937,32.1568505762179,31.8583902681291,39.5895660691952,4.22397128064523
76.9404869715987,31.8395175194369,31.7653275944436,37.271034707216,14.2329331145074
28.4587813000764,31.2307760140543,30.9581299347624,26.253531120167,12.4266458180889
10.611343089263,30.9146809528586,30.8050208099899,23.9348682738056,3.85213102082776
30.1686744426407,31.3621069313963,31.8210191808081,29.4870505215495,4.64916754956946
17.8870115241405,31.4959861851765,30.819113883665,28.6877621497012,17.911332744677
13.6732297227184,31.1987711089587,30.8567459856457,25.5293236888952,9.47218929944374
13.4257241944003,31.0785028187227,30.6346859879805,24.661386909637,10.966695367035
16.6693486291861,30.9605569281093,30.6943961629072,23.7567192005417,20.6825737572322
21.4166163880049,31.240306803576,31.3567570804574,27.268141667962,12.1034414486172
16.1053513377992,30.8529182654772,30.5672941977864,22.7133688310231,13.3604791015716
41.0328021759389,31.37504946093,31.3481595559244,32.9212680840591,15.3481548024853
14.5595622670544,31.1770298338786,30.8243229698976,24.4783234310414,19.723247222724
21.1018478487664,31.4560371650359,31.5942512908679,26.6220237678597,26.8705189435273
65.5733081147103,32.0672476103118,32.2182177142017,37.982270471474,27.0502602820975
26.6857436235862,31.3115608981608,31.0888279770356,26.7289133036055,6.81100714937053
17.3640042358463,31.4883639163501,31.1758861748643,27.3554138116624,15.6179067228577
12.2937589700388,31.0554444113262,30.8626621479055,23.3203604304066,15.3370952290243
79.145119493777,32.0281649409337,32.3047271168412,38.3879234295028,21.6061334539736
77.4677376725298,31.6558197386439,32.1142564067806,37.2752138002455,10.6729395140025
58.5257792019077,31.8054825718145,32.1605714782782,37.009266138295,28.1453941361166
53.6538040242534,31.7397413604248,31.721702442344,35.6670262724231,17.7813329605112
11.4915447727646,30.8051431253283,30.4152039980134,21.502680985826,8.19274771877392
38.069536122854,31.6755782795609,31.8332480922442,33.0808459951183,4.30440458485853
11.8464788153945,31.1478484585191,30.4155900246947,26.0791943154063,11.9544689970106
27.1107182765609,31.34444223205,31.5172785391838,28.5541498569747,21.5992713687548
26.3188278482693,31.2938800346026,31.156075978891,28.1749714961688,22.4855238435472
23.4524264726008,31.4109268027014,31.2350400658546,29.1125542003239,8.10529873267404
34.5765626946656,31.3578076957647,31.7110686013331,28.0694254762376,14.0041931960325
19.0487280779026,31.3022661996789,31.0790174036916,27.4565133728605,23.0374706342041
15.1815381017448,31.0734480041205,30.8739428431995,24.1289874051518,10.711550016479
14.2641592189973,31.0250845228085,30.8148012283442,24.4907719768718,15.8537557573393
16.3846004067818,31.1975171768381,31.3398316212023,25.0234483384554,17.1138055414579
44.1506726054257,31.7204503336262,30.9067492471967,32.5165346914977,3.77789596987568
43.5758413626835,31.348207905556,31.4315267625632,31.2001590078984,12.2742069244804
32.3982185368966,31.775600102551,31.3699374930264,33.6148163777824,26.6355586726947
13.0782276366061,31.1900322008714,30.7566862664252,23.756977050882,9.96706003911587
43.3055506500613,31.5587037493093,31.8452482972732,33.4472118886638,12.8702979254175
54.705335869771,31.431174754701,31.2984132507142,32.11071398855,14.426498630893
27.2265995959578,31.4311347034372,31.489927433188,28.1264556620677,5.29768569642789
9.04080743621107,31.2771540841417,30.9081108546255,22.3821588857754,12.9005643736091
32.9743824509293,31.2826427735336,31.5888853694789,28.4357889949005,13.3360792160858
45.6038427232532,31.7910092630207,31.6733188956866,35.1244580584149,8.47972026306884
60.0621971587513,31.7821786067819,32.0931714506159,34.7118065285295,10.8562569735522
33.9975322601681,31.5102298652655,31.2439461493224,32.8705400183213,7.42054145292761
145.515091422177,31.9674115411532,32.0183166991251,43.5325828329008,7.45589504228353
28.9109741780712,31.6421437556807,31.7494053760452,30.2703912598612,35.2699705872803
19.4802350359731,31.302504606288,31.2856775205256,25.6004036633359,24.2384724223387
24.318558264395,31.3455015610915,30.698648568313,28.3128805484975,14.8853626161024
13.0633242563388,31.0619365543967,30.6471714928152,24.6233745790618,40.963349363752
29.4823713934925,31.4880624351987,31.0819901253569,29.1888017228047,8.43123396070697
55.9863622175977,31.8013512892432,31.4552502370201,36.0735618028954,26.8299845810565
44.5488222937903,31.4034544729967,31.6790602279632,30.9794510606587,18.8173673085897
7.3144713987625,30.8505283986982,30.4412770842445,20.4388855368863,15.512032970873
34.242743387776,31.3452219642643,30.9990764289102,28.4118540206584,18.7093463237642
66.4883546171323,31.9320200830347,32.412086139015,35.9010893721159,12.4842121111996
21.1620788257104,31.443982515681,30.980864470316,29.2873602399069,15.9430453890252
28.8841996401451,31.8695957843605,31.6131931803285,31.5174147884793,6.57272129891725
29.6271016846067,31.4266817830431,31.3763545608794,27.2690720261107,5.40312597083241
42.9719776767072,31.6264599238231,31.1176837278655,32.687026836741,5.40333139672451
41.4807640800434,31.3973984999832,30.8371124350045,31.3675950026321,4.48713387072812
45.810509909822,31.6825691594235,31.5910064552124,32.9779490834517,5.58501692343913
162.205424102133,32.4376893976902,32.7906120041341,49.913802592355,18.6757430675735
12.8304955049361,31.0962042044977,30.4382835000078,25.0344074762448,8.12141323568054
67.3680888663111,31.6028984139605,31.6629677990419,35.083472451936,10.9503480463493
14.0147666367646,31.2004169521347,30.8032599134867,24.7766696206206,19.9290915622055
21.828011863573,31.4861640061445,31.2241283522312,28.5988052233762,15.7531312264515
29.0179064941124,31.4372803431614,31.3845451504244,31.2489628352879,23.9283273619436
39.4318854855867,31.8901633433794,31.7081117837079,35.1010727724728,12.654752022901
18.3006214074621,31.2987188571524,30.8991447981734,26.0455548161656,17.1413856132151
35.0942597994152,31.1507991300461,31.1251401726389,28.725534573332,12.9620005189619
44.8564881398826,31.3330196701054,31.541776198217,31.429643876328,15.3913318376976
30.4002347760545,31.5504127796005,31.2929589756018,31.1883234423235,6.67040507230476
27.3485103422326,31.317581274662,31.2715602969999,28.5659948879229,5.7725659593446
46.8173520831192,31.6549132037876,31.976617288122,33.4024771236345,1.85579998946653
98.1166928419339,31.9522814997214,32.4799839743731,38.4311230894883,15.9799905224958
26.2547486036331,31.3432802797774,31.3441273703834,29.4616853532119,6.57720679916627
12.5900711860782,31.3374538542512,30.5651365010436,24.121472040528,20.8431573103424
41.4875528727747,31.6669112919363,31.7998452724271,34.2629735473556,20.1861668970163
52.9704774533817,31.9424513714266,32.0806678245208,36.2999342550617,13.7285497240649
30.3540534465084,31.5744558807322,30.8933437078412,30.4430350400586,8.94213335206927
29.5795654223341,31.4074363576826,31.3421915048139,29.3787250651651,35.3303067434214
33.5068792759709,31.5772265005777,31.3319193900414,30.4686887759272,6.83981782972382
15.3838513990354,31.2646137556309,31.0865064256888,24.6488945275181,13.7267668541823
18.7813287429774,31.3133486293058,31.2829251514382,25.7958787097971,12.2392969872978
28.3052027214622,31.3028681203173,30.88522674809,28.2135407884225,10.8894900373103
100.704007670824,31.8302776280658,31.9481819074362,38.5938021629724,11.867802060142
23.2302149479105,31.2940755762554,30.6858705391285,26.8412338299503,18.7311195135235
33.4961549149748,31.5766324859514,31.2265984391448,30.7146998753851,18.2421533674248
10.1401927029347,31.0020367436963,30.696613568686,23.3659646992259,23.3113099415968
57.8989222130299,31.589163678675,31.7358697064242,36.1612995049887,7.29499991801755
18.9680891700002,31.2338220140884,30.7375187478872,26.5800238288139,34.3872402429294
14.6555709132171,31.2081258428999,31.3692787152102,25.3784452219674,4.6275258830756
8.46476519235969,31.0559762917336,30.6907740992905,22.0703120980447,5.89098123146344
38.859227554931,31.4380294742622,31.0726299524612,31.0374147926005,12.1119992974254
24.2146784234298,31.4438206857184,31.3011157301015,28.3234486873124,47.0002479110449
55.0919362364034,31.9246473014424,31.7071826417166,35.6189365131043,10.3057058224176
66.7490155782599,31.7930891485135,32.1233211004653,35.9868021150725,10.0964919363927
24.196016246024,31.474677280413,31.0217971000692,30.1423073756841,7.16648814548382
21.5193950721631,31.5254443593582,31.0745631754838,28.5114776449039,8.71111931191951
42.9572568066051,31.7883087305484,31.5262159985994,34.0785996370792,5.93348602948677
37.2468618136701,31.346203691806,31.3792418410195,30.4542530509395,22.3074306522812
28.5999707135453,31.3078108268223,31.4244837979648,28.4110038428749,9.68755147819827
22.3415679720647,31.1192604562328,30.6010410956743,28.6183932666004,40.0224690586454
43.90417990381,31.3730583329147,30.8470727141417,31.9065375581939,8.03914066992109
12.4642339909548,30.9561602719496,30.6137546053264,22.6805980431878,24.2866258239593
35.3085021156136,31.3846986636293,31.2448249746263,29.9344875693283,4.57693701535757
77.3859453276824,31.7544426915812,31.5531559810289,39.2243298244278,32.5803717929898
369.017782510781,32.4190230378959,32.8624469438295,55.8584463878546,15.6807199838429
60.5855529565743,31.6557930989741,31.9934507113629,34.5914483144241,22.8824533182967
8.96615415135407,30.6471540224722,30.0565857822232,20.5957344418687,30.2353620142572
38.5350953959582,31.6601817149042,31.4443134685399,33.9634949007601,15.5880903144748
20.549267773679,31.0713746486303,30.9137520116115,25.546593501537,12.2231578806733
19.1319751542612,31.6016534310778,31.3014827264522,29.6037238516971,19.433825146225
52.8232233249846,31.4271369175513,31.4539336452719,33.8804135109689,27.1921286786017
26.4281469108138,31.5075445700001,31.459213338543,30.6209070306789,10.0028375423123
49.4984373302072,31.3568436319289,31.5326525502109,31.2485942781387,5.21105739982724
121.843325531657,31.8336488608765,32.26941352704,40.908290079298,10.0533488385378
51.2857841488104,31.5281002462355,31.8996185346944,31.9776843203818,6.53911555490247
37.4297519057742,31.2672288454826,30.6581959353342,28.9898256381891,14.5376019969719
28.3568053495105,31.529146402088,30.9403624480105,30.3149131993443,13.2330412616109
14.8314797088304,31.0079703755576,30.320334481753,25.1003749736096,3.00312646647943
24.6253432489577,31.3771546586252,31.2945267924092,27.8443600769485,8.18721303088408
64.6562776273015,31.6711911174132,31.9745216299702,34.1604960262452,29.95015635119
11.1768135806979,31.0963038763285,30.9122621557046,23.8361671209908,13.6812501622421
30.2960882166883,31.4375374416937,31.57432479541,29.1967907551255,10.5722881229704
55.5115975450206,31.9657577866229,31.8909325981189,35.3164103853319,2.94101992009766
31.327990091107,31.386388811142,30.8945304206148,30.0195857251155,12.1850670526225
17.2989717619071,31.1519170138065,31.1941039723913,26.3422481544921,6.85036882749263
36.346717053422,31.834893957566,31.3480844087309,33.8230046502744,5.64544471247797
17.2858182234051,31.133396856904,30.7755197100017,25.3302772065835,3.93080969936954
55.16899147114,31.6925581992711,31.6855527287987,35.2203831312461,12.6937351045152
39.0626749657869,31.4898815023152,31.41584871376,30.94880909256,12.9145924632918
50.8093207764877,31.6150386473953,31.6535182179531,33.1072391265074,10.3143684303257
81.9904740867777,32.091173712769,31.7925303772797,40.9525459844821,6.79708181770458
29.4798257478175,31.2340902245038,31.2151567700742,28.526807354876,7.91378892255414
19.7656843477503,31.1343009458068,30.8693916148018,26.3488934002103,40.5600855542
21.6966609331937,31.3101123937371,31.8327639840455,26.0083710984138,6.96878198949465
37.5374593421015,31.3458667018838,31.9207130626691,30.552497863528,26.7482780353111
48.0694661180977,31.7529547287818,31.7816028846803,32.8216667507981,19.5144722414906
7.18088204289685,31.0492047117162,30.5423344358185,20.873379428682,12.7024624040259
19.5462575412728,31.3798710687265,30.9628602341299,27.3978319101882,5.60992696994759
19.6713561045527,31.251942041757,30.7534715359434,26.5244223141718,79.442000070835
36.1460521795201,31.4975262857779,31.1183072156999,31.8722940030599,10.7235315118528
24.6002543158264,31.359622106602,31.3404532587207,29.0177162302155,13.3637152399826
26.6126389685176,31.2177841413036,30.8935542259967,26.8515882540894,6.92530978914163
21.9024720420765,31.36541393265,31.4760421718452,25.6671492083301,11.3289934251426
12.929387820311,30.9812607063974,30.4480765699769,24.6916752338642,12.8763924879064
24.3013481478903,31.3492272243975,30.7589496950143,28.3592251253505,6.78748050802576
30.0849221909827,31.54919585496,31.3099270677143,31.9720390057403,17.813739089261
20.9807746255011,31.3307291272273,31.0660701239508,27.5054726025896,17.1894555246508
28.915532250705,31.4455986607849,31.4361394211486,29.3787419155575,9.85102508570634
9.91004549204044,31.0773758406854,30.6852318685081,22.9989750380498,5.7713616520675
54.4795329544775,31.6931887197317,31.9044544054681,33.4954114334928,12.0299945085543
43.2739792683075,31.8359983958337,31.703194355348,34.5963822523863,18.9020394004786
43.3090412639455,31.645668262703,31.6431812166679,34.2377972051024,12.1127360109686
29.6125455207888,31.70146183423,31.3691847605748,32.1338030302912,19.1546292512953
26.9688650719431,31.3945888959857,31.6640770422159,28.7019009180834,20.5077223396235
257.212440152731,32.4043581785594,32.5831906358837,52.4167505192377,6.67736155525817
18.6092458398032,31.3928233423798,31.3819572366635,28.3612062140015,10.0990934578319
121.374824783153,31.9349025929502,32.0680064848873,41.5065874351733,9.81730287431519
55.2946369098465,31.5945840831259,32.2659768245249,32.1867626636665,12.0642590467045
47.7518522439285,31.5033524304367,31.801872697127,33.0430814915643,13.0181651752014
7.91685945147621,30.5830095869526,30.1489987415275,19.1148544144671,13.7161364768945
33.4966812962246,31.5283174800609,31.2730234564451,30.8260229382539,8.08994383233699
28.1914001579469,31.3389575446405,31.0509198317623,28.6812070151063,7.70913016426439
52.5939303034815,31.6273283136201,32.1793045900927,33.4833767127915,12.8601442660708
20.9076318430509,31.0692453557191,31.0765424746078,26.8803352199918,31.8022457319924
19.4788295550079,31.5578043062801,31.0663812658697,29.2500896183271,18.1701730676569
39.1940818479907,31.8313921259679,32.030076226007,35.0699309150423,17.6056086975632
68.0719158890527,31.8487119201561,31.7629883376358,39.6787993812259,4.42653038743352
19.1744539593268,31.5314675610496,30.9491646436105,28.1662392973065,13.5254466535416
21.5238286683289,31.445935865987,31.1396526751091,28.526126933281,9.74756785883184
101.247811622397,31.9606818326217,31.9842338818288,40.0911943595174,13.410743076832
63.5505995662414,31.6196417345896,31.8376314370626,34.2080284379854,12.2092330253797
31.5411136413212,31.6125624997351,31.2105429733358,31.0187599771832,7.89495080637562
51.9701594456831,31.3903294587849,31.0730850920887,35.3926254697785,9.92996587303642
23.2272380734088,31.4442283648384,31.0427509334666,28.6825202404828,15.7406793816379
24.6124400937899,31.5371931899116,31.1344957174268,30.091024463799,50.5915425150227
10.116063382279,31.272664676496,30.3897755584114,25.9215450316061,75.9087559308838
47.5320443466947,31.6162263578194,31.7336406873759,33.7810737113561,17.7627878290887
25.6265553755728,31.2176029873859,31.0832064662765,26.1459773220663,7.25564613558937
10.2598880436174,31.1532020332021,30.9987848071306,23.3763082713129,17.894148193529
28.0862162497858,31.3732720341155,31.5336419525869,28.8494631918391,9.40105378620356
15.0088455368448,31.2335566574053,30.5035860085469,26.2943623255181,12.3872473715045
63.3308992582778,31.5642534132024,31.7904442108166,32.3919169185485,4.29303923295154
48.6500523540573,31.7028400498059,31.559673187928,32.2146182178748,26.4025287226832
7.73858208893579,31.1007873386859,31.0954605281354,21.2978049215586,4.98268051104066
74.5722824712981,31.8878409480122,31.7017978343856,37.2519185988234,12.9203326239906
188.508807230859,32.2762262988354,32.2156858202,51.5397812956171,4.25497328967901
51.9086315090581,31.594220002401,31.171024395513,33.8269314849834,13.2534145572355
33.2398079468788,31.6499188750762,31.3812226046769,34.3223783802184,7.13131653538797
119.012046924959,31.9892984147591,31.9798822345402,44.5335460129469,8.42136708533889
37.7934440842277,31.4564224997108,31.792538523513,30.4965801005152,30.8412359345777
18.8333804195251,31.4177758097673,31.0233297041647,28.9428615575849,6.47290115293125
39.3654368570594,31.4812727196671,30.9226176930827,33.2013445126079,10.8413872101722
20.5828882568525,31.1882825623125,31.1340309568721,25.5884210499979,7.18152073807527
64.9382410481317,31.9964358587641,31.8782703053981,37.8154522375028,28.6191401555535
72.1847082475149,31.8306091818141,31.7972997565704,38.4450869623932,9.44192234901109
78.8778999160063,31.7929848008129,31.9745684388331,39.4216794214998,24.5401109194437
10.5092783829097,31.2063414547948,30.6375067869237,24.2878136753333,18.3875705773343
26.4673608345107,31.5078742025269,31.4171290621932,27.744587244484,5.51075695206328
29.764637309616,31.5826054602439,31.696791054769,30.2178256829737,10.4385881470484
21.2850739586874,31.5559152540165,31.5554854102341,26.7885890671728,12.4376361881868
8.21529726858969,30.7647790328579,30.259985441495,21.0549610466343,3.36824744098372
13.248391513115,31.2887912736885,30.8537030742321,25.5120434840628,21.4263942210254
26.032859168419,31.5221733717117,31.6102093234489,28.6616607357711,5.69108181629665
52.2089781664361,31.8598308784112,31.908848846381,33.3628419780022,6.96501261728249
90.3641887043945,31.6185057667633,31.6818523699522,38.8717234143426,25.3447946409173
16.8552335829594,30.9915890129263,30.5785035421663,24.2281417787825,6.42824008447543
122.464911151449,32.0944781603457,32.268636950223,44.4687295994877,18.3317802946833
70.6908303562401,31.838667231858,31.9639965573186,34.3071626290826,11.6705164217206
106.08375757651,31.860475462157,32.2321361499065,39.8613350644884,12.9481989023266
18.1058100965883,31.0782774018138,30.7257895831428,25.1046728805587,4.34764977038382
43.6734813530462,31.9104541689108,32.1872616616763,33.919903438674,9.21921386697134
34.4998765604848,31.2317308181549,31.3063232452071,29.0772909456389,16.618406716646
39.2150019683732,31.4177452590351,31.7334098516083,30.3244820720765,20.9101289687493
14.9171422569537,31.0237986555671,30.5741564433894,25.1413459275472,15.4720952073252
38.2202100106606,31.5792975917818,31.273148631426,32.4631229518301,15.7576396240011
17.1339594789345,31.0650397249663,31.1121586445244,24.1713378848369,41.7891445715271
13.1471381410305,31.4132449260764,31.063421463178,25.0301307857121,7.06246385064796
64.7113380512045,31.8622514876351,31.5476277005273,37.8426062970017,63.9202337613732
43.0229943399791,31.5152416357803,31.8050514610851,30.382210286756,10.0465943158119
29.5600134539351,31.0562977761494,30.8661321968932,27.3332610569604,9.88744977717673
51.3551951199155,31.5592574590669,31.3169435067897,33.2201737142558,13.8794237838852
28.0791485825178,31.4444419485428,31.2429796377958,29.8456087150061,15.9385764274625
76.5299191921373,31.5902601296475,31.943675120544,33.5766280453892,13.1529693677607
35.5889863273434,31.5547503798769,31.3325039278422,31.4053918422051,10.7522188900255
19.3771254045036,31.38809045003,30.9854763627999,26.4836835971444,7.29853763817141
40.8407803703986,31.6900352523408,31.4298846256309,33.8849966433663,9.93031961913045
58.0827332736141,31.7041301646461,31.6654533214592,36.0398903741617,6.41955357899921
29.55086047285,31.5601964543328,31.1849853341896,31.6478397413555,26.6190767704143
12.109039743275,31.1518772186867,30.4331825760439,23.6258223008617,28.6703869471814
27.4885350702101,31.7523264314697,31.9026549068783,30.3341987348768,3.62345454067153
9.30643735928534,30.9763051794854,30.8941413296286,21.3913687845893,10.9753269269993
56.8269221801686,31.5307251315165,31.2428790718903,33.0883828449417,4.83958506920049
38.3696023543154,31.296345455319,31.2941774271737,28.2463538837508,10.9104861582769
26.2022611847147,31.0169594375212,30.8755964559029,27.4484277306312,11.0193480288919
21.6993829789575,30.8030537620162,30.6371414982415,24.7462365147573,20.4135405531041
19.9071930019175,31.6882377066754,31.8177701690517,28.3537962480779,12.3800939254031
58.6740499002553,31.641550932444,31.3647332016601,36.7304011640088,3.56332324026286
65.0522602679628,32.3690717553996,32.6658774467194,39.6938237950976,4.28673468734805
75.113780325827,32.0190897320456,31.8882304264986,38.6850989239446,18.4659920121355
194.586255466146,32.8394385824491,33.2480892473922,52.0038755174553,15.7521168512325
22.6164833140712,31.3809218577027,30.929622358646,28.1574111962741,13.8198962104836
48.8919805204217,31.3999848261134,31.3426756895122,31.0600237119693,10.8987563101218
55.935639207285,31.655976027029,31.6852131364601,33.9954511756681,2.22753305326895
37.2280169143259,31.4840760342833,31.5535832736333,31.9742736584925,36.7130270302771
24.5076634711968,31.5371684057032,31.1635917485608,29.9548195321825,5.89347622143602
26.3678050401848,31.6364862157844,31.2712687558629,31.4623647661848,27.1803822350727
24.3204437443766,31.5932368830117,31.1039137949167,29.8402435127788,5.28464979080562
90.314876667846,32.0197290593715,32.2188454713984,41.7873951608753,5.95081341603702
39.4597091879452,31.8511074606961,31.9770501754758,32.2951412239972,29.9708879268731
13.3835894259113,31.3412963229756,31.1586499588353,25.9377711213458,15.4699105635778
11.2539681798386,31.0904000796131,30.4741041366832,23.8158821910962,12.2554863574776
22.3255859701471,31.3109559926247,31.5145784484988,25.7297246867568,45.3453939886658
19.8937435724333,31.2986275120904,31.1521352748031,27.6679230200082,12.6643814287075
11.9776817968789,31.2257718298017,30.7794964233649,24.0794732239393,10.6167034795208
35.7433605053676,31.5798787558165,31.7463282512797,30.3042518439506,43.5506009895183
48.3211374066964,31.9513328393984,31.5609788408157,35.0663040612499,9.55026924892391
30.9815712598371,31.4824527376962,31.4595619687742,28.9778547435927,14.685419943991
5.89636182496911,30.7626873585997,30.0848138756402,21.6899355817893,23.2802673977322
134.840801061803,31.9998856310768,32.3028558724194,44.226617333164,15.4356529445952
79.8439848295437,32.0342168842646,32.1585292305824,39.8158852738104,21.3945638421029
129.526640563851,32.100350815976,32.2706519788192,42.2943627248032,20.7759117662194
56.3625460969334,31.4871854423772,31.4631606866902,35.3102900089605,7.77276645415875
36.6537583017038,31.6032034562319,31.2119438178248,31.7766642087632,9.60192208519263
22.1791652356853,31.4643047409365,31.0935807772063,29.7133312579377,3.51731188561929
66.5323252377328,31.6056388513322,31.7211620697342,35.569115373058,7.6986241584125
21.3712019630401,31.4322365055012,31.2277014252158,27.7120663008333,2.12748141568275
38.6235135343743,31.3408086862324,31.2553108915277,34.1605176240102,8.29972596328616
37.2708256226844,31.5477514901628,31.3664690957289,32.0410101384673,20.0847874850591
41.4304616284773,31.3327774455122,31.4726234782649,29.824324815793,5.20036726739974
45.2454688425034,31.7372733725581,31.6090660206987,34.5651811079864,8.90990335870291
9.3765309796406,31.298862257034,30.7122141422083,24.3003400662065,15.4932528533115
20.4584598146856,31.3387151441713,31.0410006804202,28.049811348722,5.54276588274091
34.1619678110349,31.3452583110797,31.0440790562732,30.3963171862766,15.4209224448904
44.4349311458399,31.7279448407914,31.8279597269719,34.6352224862549,2.20755490709282
82.8489203237865,31.9531220853756,31.9229568233199,41.6824977436903,10.1246377956358
50.410867220193,32.0116353203682,31.607553022456,38.1492198888442,12.8559957548216
23.391598066039,31.4190832367493,31.3233923864158,27.5869510825075,4.65317271858909
144.844039245328,32.1195836063745,32.6887197535378,44.9266956292693,8.60907573402163
17.4487500506704,31.1646241967894,30.8889003116386,27.1769343137099,18.224550418365
20.0190905191052,30.9940173549435,30.7124641447938,24.6217283445579,8.5424330979321
26.7267215977944,31.6382602622632,31.4031686803226,29.3628173850634,28.7875666507559
13.6456780410976,30.9101925588355,30.7913220622137,21.5857753433342,14.0866464450312
26.1389673650184,31.327970012003,31.0060520387164,29.2893138043819,11.1614069071261
25.5460626309147,31.5111375040105,31.0572489156109,30.0446659165058,6.5954025340282
30.6580229798721,31.3994024919121,30.8933601321797,29.2645944045216,11.5580258105541
39.1648560169303,31.4098959197377,31.8026772457098,26.7396793959908,23.6069957945382
23.6090770173327,31.4017060897843,31.5074346536075,28.7170393699547,12.4396602166049
40.6102433264609,31.7009567389743,31.490574683869,32.5224723948027,18.7185891943367
26.0431170662612,31.0560605973779,31.0150944013757,26.9827220747744,16.6349018246681
25.6032123033364,31.4842593195588,31.3633106946196,29.8412512822303,9.66470183079903
16.2973513047952,31.0972611067164,30.8295955748478,25.6950098946895,8.60360236190824
50.1839148383282,31.6218650576631,31.4565969112486,32.7977188113528,12.9495213683269
26.949501960037,31.3936021183376,31.0962172168264,28.2402384482918,35.7766039424896
13.2685851612952,31.1454846905614,30.9197048029585,23.9762265169913,5.78567542431958
31.5698630087647,31.620435685249,31.4584903635237,31.8334562130375,9.15069889929639
77.8199808416541,32.205097284486,32.1408298405906,39.5256308045161,19.5273852533759
30.4737994002029,31.4421036332481,30.9697033275468,28.5832446838162,21.7174133863119
6.65380132125395,30.7919926667851,29.9840894717736,20.5493659787476,5.93071112733358
132.630221865335,31.9781630825022,32.1452107684604,43.5008478508037,6.32048433713398
29.1747674984455,31.4886692324964,30.7084236404413,29.3786629172027,18.6983324894843
32.3193300631464,31.7922581481094,31.4901195470563,31.3528334969487,7.68119491139725
25.7690084420903,31.3866460872676,31.3001720006941,28.3962709223225,3.35337102280306
154.627668968041,32.0692468536901,32.2027647191919,43.6443158128497,27.0145920195757
45.3486999488203,31.4887732825755,31.7811751467305,32.8871805848407,11.3385152432945
21.3995208967665,31.7424857479366,30.8375165945633,29.8670938259686,8.94960540460261
41.0352513831267,31.5624368280173,31.7489109012273,32.2987894222417,18.0537216151559
21.186851154016,31.5195824539253,31.4721113202391,28.986934233961,6.11321864474878
34.1100399872228,31.6359810883033,31.5303701129809,30.6837549072308,9.73934620719676
17.3533637932087,31.0844866813449,30.9072284991161,25.2694728464462,7.35952796103755
40.4822240587365,31.5537702968122,31.0670442336103,32.8244878581106,16.7921410684414
7.63497499160641,31.2379340856994,30.676042761365,22.4202445723828,8.90070753188256
7.94662870245286,30.979537311402,30.5075532425009,21.257977607984,4.08446848660113
38.4050134106984,31.4151609416394,31.3139053351298,31.4744282590028,19.2711583679905
43.292932686379,31.791681280787,31.4344466021113,34.2357452021948,14.9138351355707
23.8856299113669,31.5131229369764,31.160438006649,28.9897404997752,8.64231116746776
15.7698873154752,31.1041893531097,30.7927876083201,26.4832050401314,12.7350279000118
29.9045276057884,31.5186849724602,31.7067705824061,30.2057027171856,18.3386005432414
34.7211111524599,31.6347925233613,31.4688380250008,32.2988832677479,23.8997779321495
50.975645694474,31.5728993597231,31.5155652764572,35.1146796316379,6.33995167685632
17.5269939696908,30.9790183416928,31.1970502038373,23.4692005912275,8.75688502513677
39.5046455571616,31.6083235391386,31.4162730319933,32.2195282942238,57.1692215385466
59.1913390127981,32.0135739375244,31.8582490557765,38.8852463693562,5.42129024920389
44.1510571539564,31.6120093935495,31.1041389200034,34.5089222862344,13.7759366736042
14.5026900006266,31.1984163449553,30.84640759746,23.8544215699344,17.9663553468597
24.9700511442359,31.1734710197216,31.477861599994,28.147005028385,13.9907641176062
52.2783660952612,31.7152897832534,31.9890044438479,35.6903957508112,33.3592248121514
42.6702057329647,31.6042499598765,31.4307912597752,31.3720824376604,9.87929526757162
92.8994689259832,31.7044728189204,32.2917856466229,38.0176996410938,18.570625790462
52.0119478251769,31.8195845081285,32.0615139236633,32.8048281429637,5.57273201084444
15.6048425363961,31.2358897754556,30.7681289954365,24.7631484980031,12.4721382496177
24.5257979543383,31.3451598325963,30.7321880487732,28.4070087682125,3.32897571080302
15.5717615067585,30.93056876998,30.5378659136411,24.8199169018712,26.3060289437202
9.80797927917083,31.1270272456009,30.5560914810174,24.6468163561933,18.5527948643321
33.5884335662974,31.626250659118,31.4278149385765,29.109031673697,12.4386214332745
34.5577209787562,31.6106957551651,31.2812872424758,31.2506064168198,7.85318307672267
22.1747355478976,31.2777860823767,30.9948907286672,27.5862836689938,21.0694707449194
23.6571537168907,31.136745986632,31.2204306172033,25.6152021435802,1.55065116308754
24.4612480590481,31.4547702000838,30.8097851803099,31.7614743646195,18.3397418165694
36.33500619867,31.3904019059544,31.3493205562386,30.0163166324811,23.302772032954
20.0772311150997,31.4541327222385,31.0445011790781,29.276474420528,17.6702592749742
33.6436480993279,31.69110352827,31.8017195129816,31.7019792165363,8.15744611532731
22.2011521663638,31.3196618643807,31.265410712656,27.6994050143975,13.40351890587
99.8923756082858,31.8573735146871,31.8545294238231,39.7857285070545,21.4571279664167
26.3978255698869,31.3159419206112,31.2877275237071,28.1875133389817,13.6871669313401
78.961478309669,31.4414606178929,31.5474671922423,33.8064126885128,11.1982475750992
73.0077421296477,31.5546089290439,31.3926636691555,36.4677748114066,38.6522125441583
127.198701226491,31.9545878635589,32.6173963075791,40.5571700068513,5.10594954126416
82.1734920119763,31.8111349486414,32.4633999132281,36.9574226675993,37.9344749167604
50.9930969584207,31.6452454369916,31.8175514606336,33.5007023561408,6.01077344298293
12.4787683377458,31.067660576226,30.6582542049029,22.5599215174044,7.62576937135773
11.5784925208669,31.1244753707865,30.5543094121895,21.0938258994771,39.2967653130156
34.091292077658,31.7030329573329,31.8348445240343,31.6065460145988,42.905230112923
76.3689756557538,32.2166973387058,32.3434006663093,38.4339931326179,12.7734892051025
72.0905218146945,31.8092432894236,31.9157663945855,38.8124953934153,8.04156212291288
14.7134607898928,31.1989538323388,30.8459286658507,24.0969080468935,11.322838879622
10.391271904676,30.9538280303742,30.6421705387277,21.9401892135409,7.08187693334013
50.5988387939425,31.697865026475,31.8877623264831,35.5403983962382,30.1875564880543
21.0880123330255,31.2115699683239,30.6706678230062,28.0307445294308,12.421787615155
14.9356822063666,31.2422976339436,30.6811689561759,27.3816501679626,18.4998055847372
67.1266438171115,31.4490506201823,31.5714176389538,32.4431687204457,9.58166257688838
54.8023171248525,31.7376264047588,32.0458439636646,34.1331009014808,11.4701141178815
28.5647185415531,31.2996859732302,31.3571238612322,26.2765234759596,11.1437156052702
29.7948437948767,31.5384700153622,31.3118164998936,31.7901218344178,17.2513144853226
10.0447688152595,31.1285919644363,30.6099598437419,23.5651515058349,9.51787667526564
17.9985818720399,31.2628726503718,30.8522699838466,26.0265817840103,9.06985567069911
33.0207852642266,31.4592172250687,31.3487827321474,29.8669052984125,12.9849350434364
65.7843761862313,31.8712424068411,32.1676508612122,36.6826344366142,1.78787839846816
19.5500414721622,31.2696450072548,31.0368352021195,26.4712906729268,11.1796604699754
129.354664709333,31.9742941568875,31.6756939009618,44.7396991693655,6.48320905577906
80.756455848965,31.9013223698843,31.9980721733229,37.2546778775905,5.38989823961567
43.8513705999309,31.8038583179902,31.4728781163677,35.2398247540625,7.94259567532882
32.6150189926798,31.6413213115293,31.9177487365034,31.0042050999919,68.0442711441025
57.0333636280328,31.2925388581598,31.9674145529162,32.9054440037919,7.95048229637499
30.8405461930115,31.3988609089287,31.2522199622892,29.1130278813573,9.24717369011676
21.0985953932079,31.3915465504745,31.0207262957817,27.4569798464875,12.6011265064529
16.88930786976,31.248738649058,30.8066438237197,26.2622909455538,7.64463316155103
59.3344219155297,31.7387413707557,31.4219673938229,36.8308464683962,24.9923212207845
19.933081089518,31.46720552879,31.1876882398784,26.59277930566,6.10561310035322
52.2472918199334,31.8178969578589,31.5560597545192,33.9603844629947,5.10818481675575
117.401916091385,31.7409521099678,32.4319945654788,39.0504632971756,12.8747933348756
25.498743999258,31.2571774750263,31.2497339581268,27.78242574036,23.4218534836637
45.4094527150031,32.0149317394353,32.1496035421907,36.2916606567877,10.2612496998251
31.0735962851323,31.3531762668046,31.3591895016506,29.4479003118574,10.926925025007
36.4506790146409,31.6513467536734,31.6101453486339,31.2625813897112,36.5363415333262
34.3781667159542,31.4426112420803,31.6288788179655,29.470741404105,6.85714600192646
23.3350002855644,31.199467164663,31.152721619058,25.3355204593792,22.2353468416815
9.31774572393653,30.8792329087029,30.4568406468831,21.5448009740303,11.1333370470984
75.105023854271,32.3556756047188,32.250213422958,39.2927071330616,12.5633123216052
73.9629716735843,32.0801450144126,31.3566481586144,42.3256994607426,9.85898076855996
107.725248442537,31.8236139733825,32.0612763111001,40.498390933595,2.83861374662132
7.17638463290341,30.7126011579194,30.0222478508714,20.4639954266628,45.1487097389293
59.4732414526993,31.6274277944897,31.7045930460708,34.3644981176848,4.66339160129544
8.19191371943754,30.9976554463371,29.9004254121939,20.6407752969289,19.0318645869004
9.67388788320063,31.035383249401,30.3441628553749,22.059515638028,60.9600870634105
33.1518546731382,31.3819770019638,31.4337219232661,28.0415090851711,9.72039963932119
4.87868744797911,30.8052411066824,30.2058733778953,19.3208588950732,9.17977965537682
50.8300972453568,31.7169027265353,31.9502978197247,33.9102420786011,48.3229412364269
39.7090495732773,31.9728795774619,32.1040629218006,36.5722827363942,9.49279929144062
63.7112943438645,31.913638027139,31.2853349450177,35.2328867417627,10.6107938657066
51.4576275011933,31.5594657568957,31.4855933436859,34.0716116902501,3.35342619387742
24.4810377779307,31.5503456914962,31.5057015563967,28.7913865667576,11.4866899972783
70.8952248799476,31.5558169699105,31.7430153878038,32.4501514510035,10.4599670106138
16.4589685816754,31.3035238838711,30.5889530228194,26.6059667510738,9.16454326918154
117.877365882442,32.0092237942008,32.5530983853537,42.1257408006679,13.3763964271387
17.4140772806632,31.1948885147123,30.9030005435403,25.1307730237663,5.04044149772842
16.1698505387607,31.3464680993177,31.1792522486921,26.7250705343791,6.56856478607237
8.74281217628375,30.6195693920382,30.2802625202622,20.2038499699307,12.5809080764019
24.3511529037987,31.4357847004105,31.1600511737688,27.2452331192753,13.4446645717612
48.0932723983988,31.5234376788861,31.6503881343307,31.7829779797219,19.7810902544684
80.8015535467127,31.7402138831891,32.2936744150092,37.3290024743962,10.9393155251133
31.4855529206947,31.2995772735609,31.1553628502738,29.2135312900808,13.1010198603192
46.4335640226847,31.6462665577522,31.8416906961331,31.1782796946898,14.9996598367399
32.1267270935056,31.4167336373458,31.5436354863185,29.2213389525105,9.99554826797993
138.517342868842,32.2930671082178,32.6993409726308,41.9728286133903,16.8545969504696
16.0929849040507,31.4335585098472,31.0201715129929,26.1148406083931,3.79200027045868
34.0936298869933,31.579819002561,31.2610347521629,30.7571374705924,29.6614458766711
110.58894064684,31.9043699802849,32.5085262468841,39.9311494679774,34.7691598283141
14.9617747846877,31.3374117731415,30.80080310873,25.4526646744432,23.0752919358377
32.954255667775,31.4603727618304,30.7497321184911,29.2190537834684,24.6397697461894
25.2180937994161,31.312172336781,31.248273437945,27.1421350835806,6.73036066854184
45.274865119422,31.6817992837587,31.6886501310572,36.4669618140436,4.80232417219823
41.9473209553538,31.4632641142703,31.6891362930396,30.5537305880823,46.5078457664078
144.612505357486,32.0953017847814,32.6961232122214,43.3094767669468,24.3322527310543
69.4580407446584,31.9522712301697,31.910947476047,40.0962690639338,7.96349891793622
58.9162592479989,31.7310113473228,31.6024868544581,33.5422072791823,10.5047925311628
32.2106521472724,31.3083857304313,31.0452599970022,29.2051055773527,10.9293488014565
96.9348568089397,31.6910015363189,31.9078955983702,38.155527688022,8.60921816685131
29.4723453806483,31.4181716998727,31.2074541566894,29.0419951196303,5.63431143337044
69.7320923295444,31.6510986848096,32.1503498036261,33.8335373480701,13.1526082869711
21.8820431620017,31.2572616222854,31.5686999912697,25.2445374148908,15.8852911615866
22.5685618157784,30.9831184615581,31.0543700251466,26.9433094112002,9.971295979734
31.6955515429733,31.5196165080054,31.3335693587776,31.1171649165176,4.0610635435488
159.046219803364,32.3007194671762,32.2575454098793,46.3189460950888,19.9907803948458
71.1183477442753,31.685786689194,31.5152624391532,36.0127838863212,10.312280729573
12.4170979839874,31.2597935137345,30.8528948064655,24.6623407681363,6.42728525997763
40.4236311950362,31.7113731662975,31.7635793204804,32.2187713381926,6.76158386749202
7.39234376013439,30.8498243009232,30.5940601471674,20.5044273815095,8.49655002957665
19.6408201331273,31.3574496801968,31.3037955976268,26.0797553711102,4.17673120659866
15.922865852348,31.2323854828889,30.8503290528928,26.4971963959235,16.4246336310874
36.3150418419761,31.8319557980067,32.0787207825762,31.5044528813487,16.7006096035933
40.5534955948212,31.7124628601334,31.4533325304271,32.7370303588858,21.1449735823296
29.7468727138452,31.6238886024855,31.6642075543306,32.6719710497219,11.8109775541561
48.379731865416,31.574274712069,31.4407099222065,31.8556829258985,8.31532347978082
34.3773241350226,31.6525720323582,31.6872399140709,31.7938617436534,6.33509286748618
10.7898984153086,30.9661221570011,30.722414233569,22.627867432455,4.39847515551453
27.0039457011927,31.258065674797,31.2450708089394,26.9601799555957,5.32188084169327
84.1378016654675,32.2555480022478,32.5076183548115,42.7491482150591,13.295445013754
45.2331692911321,31.9140639521786,31.8284995335951,35.8463046490188,8.6483245834211
26.7213853304433,31.7366713222667,31.685075966299,29.4332605819046,17.833777397932
20.9755046851852,31.2820044078023,30.9702808184703,26.9465316074507,4.70919330099823
69.4366080224791,31.5681391606442,31.6604075015647,34.4017462777473,13.9422541832331
52.9260725524336,31.4801638637593,31.7739532781318,33.0945311215946,16.2053228459427
22.004132179399,31.4704724153866,31.1147586095495,28.2573012230392,41.1392554811046
35.7289521895692,31.6121759107976,31.435476756037,32.0991710439316,11.1597621541942
53.1419642036126,32.0350528032415,31.3244691660595,39.9199546184164,23.5197355565501
25.7604813349337,31.1875421409185,30.7826135449221,27.5264544684738,8.11785022041309
20.9214128859083,31.2874730283088,31.2644229838952,26.2502664905847,6.44428499395065
4.72967634959271,30.6147803536732,29.6279124274109,18.6867074829692,13.1968928527147
12.4057043080307,30.7092905652035,30.3883496886544,19.8784035292504,22.8067079101557
51.5232967751415,31.7370609541722,32.0129280122187,33.8114981350512,11.6404262857163
34.8067977017974,31.4086176668335,31.3655853944579,29.8142572232015,27.3808412735346
16.296197735206,31.2877201937076,30.8662240726183,23.6062216675142,3.63024567154071
16.2272815080037,31.0904279403615,31.2667618378566,24.3823327504195,13.7017211010729
36.6743217768532,31.3000875656819,31.1877415304725,30.160981624101,4.24925134820041
44.9883994116284,31.3847579118673,30.7520402452278,31.3478965860002,11.0975566488562
44.2570022753373,31.5531135802623,31.4135852789637,29.9210404555577,26.7267518665722
29.2124007043032,31.492554123848,31.2647004260264,30.053546767661,6.69825586424118
12.2557503590696,30.9738510922209,30.3431267051562,23.7217593261443,14.1426594823775
34.2950872478618,31.6131595994266,31.8317034990617,30.7145526330168,5.06545422608527
47.1256599238336,31.6624752548452,31.6285299688342,32.8028653231496,9.09497959003451
18.3830096165591,30.9269929012147,30.8558123483185,25.2853218728074,4.46662150906863
59.8242669911272,31.9965595378693,31.7771243027272,37.9770541936537,5.32641428308087
56.5647377079751,31.6003228967486,32.1472068202906,33.3245050458749,57.5011807075864
9.15975473529264,30.8959168997294,30.4462682972089,22.3003792688554,2.2076063211882
34.4314603564226,31.6360177249613,31.508972146473,31.7670193673703,13.8774261665296
87.7242610644925,31.9265474812197,31.7806794118053,38.6602957853232,11.7648208942685
37.9808752265225,31.9402277277307,31.5843473148692,32.7146095478295,10.5232116836665
36.8068718527555,31.4426336054064,31.1258753444745,30.575890724087,33.1176291708413
29.8513544855415,31.4173732381735,31.1343733912603,29.615071806034,8.99971860510072
17.4270947631284,31.0107389494644,30.2519797152676,26.0735508619201,24.2498307661137
15.8800673111452,31.3643521217127,31.1075801023159,25.4778668627123,9.13111410357801
38.0332210800994,31.382832337762,31.1932982611124,31.3917418517239,5.84452348229124
51.2144852342433,31.8990332898691,31.770648068322,36.3562053631284,5.75621683218564
52.4192987988246,31.6444939107899,31.7016121096938,34.2930682993706,12.590474064597
54.4766269253927,31.6346964989524,31.4669893403204,35.7180007481717,8.89094235871751
36.8649609683228,31.6905766318095,31.5158228295284,34.0958116739247,13.4010872568599
6.5812715162968,30.6346052475576,29.8775787868812,20.2074874076067,39.5032674164349
26.448165199073,31.5693462657868,31.0719163422231,29.5346802972916,8.93001889939794
17.6885164698749,31.2866142570767,30.7668267132315,26.2468879917573,15.6149658640169
157.475913509352,32.2713827664388,32.2115597371903,46.9902507352777,8.04076908462081
22.5858313089608,31.2484526219464,31.6122384442739,26.2215484228637,3.07133370598701
12.5670523741326,31.0286894294976,30.7179225170506,24.9270571054438,7.21425196286507
18.1543650482368,31.1833588573027,30.7998716212475,25.8706488291956,17.37771804444
17.3843710056171,31.0517634895635,30.97280584222,25.6581821881206,10.2324985093745
19.2809342303619,31.1340758311654,31.2707395085687,27.2312525971735,3.67274538368412
71.3650280825423,31.8283707657139,32.3958038919418,35.9311502083908,14.1631363975576
6.68894070837715,31.0530322345953,30.8893920232675,20.4426730541998,8.1277629706255
18.0476709179877,31.4921541487797,31.333956145233,27.2775085723822,10.8268476032869
23.9205553067359,31.2095140734784,30.8700258163702,29.4484335924592,21.7643482736682
30.8034199561126,31.4142161909032,31.1800894670442,29.2145829413377,2.90443774855738
29.4531924722442,31.3388383702162,31.2560641439973,29.3545107992327,12.0276830439488
7.08984510959287,31.0526221541248,30.6957873745603,20.5486354214137,14.7246178793256
145.591119300453,32.1375221483297,32.3992045894986,45.0738757579448,25.5761829553645
10.2556188612254,31.0871869446902,30.5297958029769,23.0829016616427,4.04709945583331
32.4534620598806,31.5069372770496,31.5617550138184,28.8789133696278,17.7262862457521
46.5306285038444,31.9397669758784,31.5200452485972,34.5974527033007,4.65289352976606
61.5481814601212,31.7866602487131,31.777304785667,35.8070487123419,27.0448519509882
18.0033649526773,31.1944670835753,30.6270735389786,25.1081117029669,15.7782408600761
26.2825257177164,31.4048337331577,31.5484966153826,28.1124309750796,3.51722449945722
25.047481092942,31.5072722607369,31.6533793393129,28.7515745180328,15.0355991856815
20.9545016393396,31.4865288623181,31.4701361391823,27.8952524229215,4.18521153651845
13.2959027203824,31.2309328003021,30.8279072905669,25.4091632987236,11.1515337289279
54.9218779857888,31.4844750081413,31.6567318351183,32.776804957259,9.19747480611005
42.3062851118614,31.3190831315004,31.3182534541087,29.6659802872483,18.4342016322247
31.4905857208667,31.4469744542635,31.3503719575146,30.3425788688893,9.60047549811787
13.7602271814026,31.008850875363,30.664387821928,24.4385904660539,23.8040910799464
20.2515259663313,30.9400355821164,30.888537814467,25.3007162369619,40.9416697912332
34.977584911657,31.7680924752253,31.6942591732669,29.7367671985223,49.0346460030011
49.5391152435074,31.3247685986515,31.4200001845807,31.3429549852395,12.8440329925028
34.8115523809223,31.5413041214295,31.2989112999971,31.7489859568046,22.6210759590682
16.1126050236113,31.3626319154199,30.993694386517,25.4459899722159,8.26589378281567
34.1253458257175,31.7518041028919,31.4619437177835,30.6639178212101,2.64404238713046
30.7204471645964,31.6165244448116,31.5129020463661,31.0265614611851,10.063442268058
28.2038985543891,31.3958661744959,31.0413933964981,29.7621999808365,21.3184006436474
61.5805279902004,31.8047373189281,31.4340362666653,34.0449345438669,18.302399835303
29.8203006969124,31.2331911129472,31.0679059602856,28.4429195125468,12.8115904878507
38.7600473966147,31.3519983406603,31.1127758718338,30.6281208227359,15.5903733860453
47.2740172560124,31.5661064905181,31.4953395810889,33.445072506597,10.6751064179003
32.6126853981218,31.5919010886159,31.4911594359982,30.9695291762017,8.31052686862344
30.0452287086354,31.6414307222616,31.4903275745366,31.1213237813666,19.1415275202659
9.5812084360208,31.3403968771478,30.9557249316806,24.7021547288104,37.4699270161275
60.6185240273816,31.8800828955307,32.1536524767949,35.5849960042537,13.396921554967
22.4670397821848,31.4297293800738,31.2334774878975,27.1021861599175,29.9304470760049
15.9439439078999,31.202100886324,30.7769070259651,24.6678193074709,8.99823008588812
29.2019926423718,31.3648360974671,30.9873309426401,30.2598242354312,10.6442692162525
10.7855495136443,31.1383027821302,30.5224872265712,25.2137752757034,15.5125378854939
58.8320485578814,31.7643679718608,32.0751092438931,36.3590847464387,6.33802126470667
46.2979136933457,31.696581724728,31.5457134009964,32.1465072174647,16.8528824090843
74.3460908372756,31.7200501156073,32.0025853977278,34.7726105240272,16.6628936376194
81.9996406918309,32.1462539757981,32.3029413274761,39.0035724688915,5.53106455684447
32.2271904908768,31.5209948752408,31.2993352797016,29.7308966823684,6.35733728342479
23.5853619896254,31.0937404195348,30.9367254748149,25.1773044643397,7.7810177824052
27.1948875020726,31.3846209398555,31.2519134577576,28.5990299387898,5.94882524719362
43.1013945019694,31.4921010204139,31.0206751466216,31.8232004595515,12.240622952929
33.4499780792922,31.432794813568,31.1997211665799,32.9547693003494,19.8304020917694
26.6403740642806,31.6830624611219,30.9004563270296,30.5128337112794,4.13516020880335
46.6980012213004,31.6443282370584,31.6582556878927,32.7585696650231,14.3195465010194
11.3884116361625,31.3027846396687,30.5655096660571,25.5871849337075,12.9846328668464
55.5657853084167,31.6577863816792,32.0309209157491,34.2320683779523,22.1177749683849
35.7329239531225,31.5759988341172,31.6881772813334,30.6419467550996,2.46814085790137
24.9210851977525,31.0730671067431,30.8547031423923,27.0276020524467,23.0030789308538
66.0439148353792,31.8098461788343,31.6262661457046,36.6866587835594,3.59444772741347
15.8105461719165,31.2181984807054,31.1040324938243,25.777511829811,11.4303183591871
55.9956486761528,31.6034152159881,31.461671258145,33.7567978094338,14.5399549857451
20.0418436183134,31.7637688518684,31.3894987741733,29.9097946491843,7.05204106649817
32.1567395745697,31.5129993349766,31.4550140743051,30.6833583865259,16.7865174125723
26.0656138227772,31.3453649884663,31.3533600363984,25.7462665251104,5.70744792076017
25.1082877255621,31.4301543791366,31.3205823701606,27.5868062010531,7.92011915278342
43.7784886260497,31.7167249445204,31.6802182373572,32.9588724845012,8.50911221223864
33.7015831975225,31.7363652023741,31.3683890142288,31.3518535587738,4.47074472134494
21.8078208155568,31.6363755961557,30.9992047703244,30.4368400074108,10.9573366871536
14.4692545183291,30.8240727325535,30.3787026179184,23.2693145474253,25.1493337149876
16.2402024078307,31.4374874854369,30.9701421161805,29.2439522711323,7.37825019583652
28.0231515341489,31.3859769203207,30.6863240361903,28.3607005197842,4.92684454973988
42.4049064877309,31.5281995386738,31.3375115481872,30.537580591899,16.1763608245624
20.1558637517842,31.4199343222575,30.9283268541583,28.1397299249612,4.59955704656969
37.7147171186525,31.2319585550679,31.1227938253551,31.0949235950196,13.8821447746408
43.050625529278,31.5673646223193,31.3707467469042,31.3786239333431,2.0236914788659
43.8438590014915,31.3997570675253,31.6875761522775,31.4419342730353,23.4168091052436
69.192648548974,31.9068282886639,32.1512055575781,35.7212150318927,15.6933439365511
53.8906732808513,31.2960515778847,31.374566343134,30.4715656110535,14.2441195472737
12.3645174694649,31.193224341277,30.7077935610406,23.4523662552872,25.3813624506386
12.9133124873293,31.102358000596,30.5196496247775,24.6590774203759,4.84072163392989
34.7462424776415,31.4302289767287,31.2970998641142,31.3914983561423,5.890001968009
49.1776160732766,31.8809531044675,31.4692296566062,34.7688992795007,29.2444929512228
80.8925691541303,31.9394160294067,32.0252975026171,38.2319607255447,5.84493941169322
44.8505768693438,31.663726470008,31.2459774443585,36.6963786569759,5.81588337403004
45.6091899837613,31.7920623459463,31.1566950722794,35.1725351098263,12.4989230115566
14.6402993310634,30.9057608025317,31.0658564616237,24.3382066633699,11.4639717861549
31.3479258826581,31.8047671389168,31.6447892799764,31.6160116684396,5.13731005910725
19.3276148053918,31.2657063280297,30.5916608434623,28.3530872749149,14.0029641986351
64.1835604801602,31.7308354538464,32.0644452631169,34.3300127146844,8.31344581337955
37.8944036828688,31.6420394445508,31.5185816691723,32.4883779318862,6.20458830298893
36.1393120809691,31.5871945263783,31.5819305153274,30.9839670484616,44.9125846906754
39.0195062210954,31.1773036879721,31.3494976353944,29.8896730976245,5.68706667991272
123.844491465791,32.0775471433072,32.5111443848961,40.3518670918768,16.005866142851
24.3231534216673,31.4202555929875,31.1413184331707,28.0708249828348,2.28629588291433
107.224049179801,31.745182682197,32.3233691440871,37.2334772334999,43.9125923655647
7.58959489518935,30.8837282965744,30.4864680779857,20.3064984527817,20.4340867996805
37.5706262650696,31.5972875266512,31.5852450708355,34.7204919190921,17.354901877579
30.3206527384171,31.5052292101416,31.242795963737,29.5014642946296,6.5324696477839
37.9356778416917,31.5576079944148,31.6772905077653,31.8321647185774,11.6534654634432
65.0419568965077,31.9171737871799,31.8758928035374,38.0309497850955,13.9474324405256
29.4890008362064,31.4625419529899,31.0022229053843,31.6010991768139,12.589561499303
65.674863890101,31.6673831659033,32.0637066576158,34.77276359154,2.98214571617666
70.032083404477,32.2407439119824,31.663733937467,42.6338415172106,16.4711139745786
71.8603145260039,31.6968054645581,31.9384517461376,37.509720259062,12.0912688801438
34.1687536919593,31.4273810905191,31.4552301341067,30.2099271562598,5.30680450121767
15.6977111768373,31.0491322805826,30.6233698234695,23.1746852514034,5.52073546789456
53.1839555745055,31.5911931268979,31.735186187885,34.366006497578,32.9423344851326
40.8121727334236,31.4662239897276,31.4475341634401,32.7916461519936,16.6464719801601
69.9102237241648,31.6736980566742,31.7874874310133,35.9386687492472,6.1957383618983
32.0243272486074,31.5724398005817,31.7633515707273,31.526325869309,35.3537860646273
13.1030883310263,31.3166488953235,30.9172880978047,25.2339649337357,21.5115995563811
57.6063109289245,31.8610078225977,32.0756096017997,36.6286193642222,30.3504932349686
25.5819680865761,31.4995649718277,31.3870677470104,28.3783078704215,27.433364456574
13.8632997227568,31.0420561062279,30.7875287742091,23.8610000363023,16.9220157757945
35.9131711771663,31.8233590344186,31.6134126730532,33.6943312391659,29.9140091715544
44.3998198266614,31.7113194321606,31.5223216133522,34.7439802854178,4.52544241752526
71.1173680482404,31.5966038611125,32.1451103174732,36.9888911055456,4.47144010870251
33.0542625861297,31.4600756446726,31.6609968712252,31.788558735998,12.8002008053398
16.7741713407102,31.1578530395461,31.3073421918218,26.0096214622611,16.1299838290816
25.6030681347754,31.5356691852569,31.5555911725556,29.2276141884459,27.4571631946622
24.3366259408056,31.3528524296983,30.9938430389504,28.3337555816254,9.99714987456129
36.7781514340447,31.4910594749818,31.0890835266645,31.0959615042871,14.3226301563135
21.2206314079711,31.4450324001485,31.0641670723106,30.0187135598193,13.9416105376374
13.0775927057696,31.311078977831,30.8016854320836,26.9761489946087,46.5042201781556
65.5426452044894,31.6703754050713,32.1936123964465,37.8376552178735,14.6134901975071
33.5872617621281,31.5862610051561,31.2889322366477,32.7353917004263,12.4962123164084
54.1816445275414,31.5938190629214,32.1055506335861,30.9031046737334,5.95867920337915
11.2048904707025,30.9011927411649,30.6114647265655,22.589601205874,11.221862023703
23.8451846371287,31.4994291007599,31.551327771335,27.9179361524761,5.94002400392467
48.6004940313189,31.8671174041657,31.5609192417036,35.8876525561607,9.97952448506632
29.786795913468,31.5477749529686,31.0146924151595,30.099273635738,49.8752634651707
21.2461542193699,31.2742975213829,30.5981737086947,27.56086303958,20.8954255140423
44.4943233500905,31.9226877886807,31.8642111377634,34.1624258845816,7.74628097946902
16.2697372352725,31.2433236243484,30.5329850556691,26.702786858548,5.85531318453741
26.1399551469674,31.3838210363296,31.3195643232109,28.1986189440417,19.8452189456578
39.9338739347667,31.7459661144411,31.7282739835718,32.0789995763771,9.8469818656104
50.4126674774974,31.3759972969089,31.2913393965411,31.7476814163282,5.31892584058021
41.4847730169965,31.5034838966671,31.5073278846857,29.6644140150024,56.3270736762338
210.300145451611,32.3369028938695,32.8262823977618,49.2031213034731,9.70256766087573
28.7919964615988,31.3817653352536,30.9573745148671,31.7786782217759,17.9578825347429
11.7998954675926,30.9036427746224,29.98179142919,24.8848815235879,16.6764757989311
17.091805508315,31.5518279179054,31.3975996673826,27.8127003320457,5.03879230046343
32.0810485227565,31.8134348122887,31.5350721000214,32.5998329052308,27.8754967762688
23.8868596143293,31.2279688396095,30.8174187268695,28.0761984065193,7.4680139858231
18.5966006666767,31.3721371537276,30.8966066511038,27.2291700469123,3.78250905059243
17.6772161002993,31.0093178507305,30.6566059539619,25.2860131978029,6.5072071694941
79.8818373006153,31.8309086018745,32.1813759477765,39.9766373627342,11.4537862858846
84.9856199108128,31.7553125171118,32.1054687105813,37.0091758621781,2.98495060319038
67.4616517874836,32.1320349079556,32.5468067762911,39.2022620667957,6.2732761141851
18.7224563485309,31.2140433568558,30.6750122891687,27.2790252823711,16.2955833597847
23.3316576117912,31.7081915998324,31.5675770304021,30.7990764410445,13.7928437023724
21.0083929277592,31.2797496922937,31.1165249055334,27.0660070710408,17.3440735047314
106.660774106189,32.0080910819079,32.1766449293448,39.0223794657507,8.1698281630943
12.5615131514941,31.0998319769822,30.5063201354849,24.1295303234434,10.9490124525108
16.4937153499213,31.0089937699267,31.0036220457853,23.9233866473277,8.1298691110357
36.384524464691,31.4713124876017,31.1099769622641,30.1373435660358,12.4728799518194
34.0820677641918,31.6020902444087,31.1432680768075,31.7192652491644,13.0438704970899
44.6036236446614,31.6016918751474,31.6219494215017,32.5294738598626,5.4556569385342
23.3507832400815,30.9251929639932,30.8689732972902,24.7890124764878,16.713981499636
80.9655208321542,31.5183179902131,31.6652766254427,35.6156930948111,57.7266558169024
15.5489429189635,31.4835457838747,31.025823502135,27.2811678853914,7.47077333373601
21.2049439411258,31.4930784144685,31.2810028096541,28.6317609296886,6.00596560668882
22.6116518825547,31.2737366602507,30.8284707107672,28.8624570360338,18.2587339369159
48.2476900924188,31.508074650183,31.3488529894336,34.2425564821819,9.26148226012184
18.8681987611434,31.3278044060633,30.7318053181507,27.2694892493541,3.27729828543314
33.8282990745009,31.5221088453091,31.3504525392833,29.69685896113,6.82939542729394
8.20104627774414,30.8871320865446,30.6989599895191,20.2594581047101,13.0900616075311
19.1143854496543,31.1859573185284,30.8948486642174,24.9886603191392,15.3108729545299
31.1845446845079,31.3838486645521,31.4351763715618,31.3206654527112,27.2657003882184
20.2560556050132,31.2615920556826,30.573507746896,27.3920694485288,5.10731205217001
36.1885894737015,31.5756282291606,31.5375802918665,32.0457175145683,22.6520048778236
110.035070575291,31.9567390244488,32.4354456774414,41.2309416247543,5.79018128663654
15.5636788687332,31.1494508339228,30.7147339928631,26.6573580812291,8.82026466572417
54.4335115406646,31.7227809980588,31.6292164072161,35.3779856974167,11.0562581360626
38.2592907417905,31.4996940652455,31.3055792322899,31.2870987337192,23.267052434489
31.8705454456519,31.3814831903357,31.1738089674274,28.9520077339722,10.807458814729
10.5349853731533,31.0329103059789,30.3382441837572,23.5413739850951,10.601087538065
41.7436422757675,31.5236004732322,31.2338311030993,32.3666237201214,8.98195729934675
37.4921592291409,31.4733887387914,31.315823750598,31.3422859605432,6.70320325001253
16.9269592781958,31.3045527849379,31.1177862407802,24.6176873514194,7.19373931221779
41.5378041627411,31.7900540686323,31.7328407505155,34.3066409782481,6.85537439776147
88.126367397354,32.0187367131771,32.2322116658142,40.1591174527975,10.1883442776296
21.1093885440189,31.2747854437549,31.2674844260639,27.7872646697435,9.18363096041516
24.2504240599482,31.2479968325936,30.9707247181854,27.1160381547018,23.0553714952761
22.2335645564172,31.3533362351341,31.1199450327281,27.9941742695002,14.6418281044353
11.7244371580214,30.8873881348567,30.5870038819581,22.2589874996712,17.6344046421546
18.7583151294696,31.3337172405036,31.0037635138917,28.10131831145,57.6405248713993
46.2273616718275,31.6689927583637,31.9788349516339,32.5436583490057,20.6261544919003
37.9633895706088,31.5840116890867,31.6293369683645,30.982430278353,30.1155537710858
51.9158056782903,31.5168961749828,31.5480212348575,31.9673213243325,17.2814599466041
32.4140105929835,31.4056716609637,31.3287374916625,29.148651669031,12.8765604126635
38.8382581243359,31.7385377765056,31.7226655250847,33.229505658535,6.11036408544426
34.3763279126988,31.6634447748522,31.5192516119633,31.8572853499857,22.8563967239489
53.9201301551763,31.509723081731,31.5393656339505,32.5967445438305,12.866860448492
51.5120379308987,31.5235904448208,31.7369184527972,31.2701622411689,16.0481153013385
51.0973780348976,32.0319242714014,32.2966604411857,37.6593069494959,12.964401094031
16.9064326724722,31.2017016405579,30.7496685480221,26.8840521387042,9.24053043964527
12.040742589397,31.1791128424382,30.8880994670282,24.2991597453627,14.8980279055523
87.5589753854623,31.8287605540831,31.7611197247622,38.1754981344237,11.5107378320128
16.5526867358459,31.3011743343281,30.8253320436571,24.490308465993,34.1909896215097
46.8744845035422,31.3864818306743,31.3507005047829,31.5790406671782,14.5926720628861
27.2853443452896,31.5811247776898,31.2565755168611,30.8327762474331,17.7340926012494
36.7929363480441,31.7357978315732,31.7812414084609,32.8134145615116,24.7140776650022
31.3808073799206,31.4167909712006,31.0705158312199,28.9363886427814,14.3774091086613
24.6890881263569,31.3087947652819,30.9330529530187,28.9597131500493,38.383948852251
32.0915719506349,31.3131143437551,31.0410821529029,30.1724456974935,5.40437323856583
18.4987020704499,31.1955089605283,31.1232655245167,26.8320485513442,6.9541525563362
73.5698334282197,31.6748690284689,31.7883523851757,34.9834723450795,23.6229897877552
62.4826688670985,31.6037364387927,31.6982673115949,34.0354940346522,4.11783083370749
15.268579404738,31.1471218387219,30.4894638109374,24.4464548773024,8.4621113915752
15.1701772844318,31.451696964218,31.1082121442931,28.7396405365566,17.6071295042393
61.3210739656969,31.8027751271569,31.8637340876127,33.12481963491,9.43669007669812
96.8154397757387,31.8525260831566,32.127274963871,39.1254816175846,23.4343322173359
109.826572019818,31.7017731290845,32.195859724764,39.2070525070066,11.6702063289461
12.3538967376715,31.2384394770182,30.6314509230521,24.9555893446519,14.605318231926
20.922245711005,31.370513706857,31.1458856435952,26.6993647811269,11.5156726346627
32.1990615466738,31.4909356971214,31.7020330807575,30.7862138171045,39.9372829141888
41.595667199385,31.4462747444537,31.3452133596669,33.0546711419732,33.5653343966138
51.3141348506004,31.4919834226533,31.4814787151783,31.787752517081,11.5596285210823
34.5534464092278,31.7867022036594,31.6965581552886,31.5878313118155,19.1398456160515
95.873506102321,31.855441883833,31.8295826551446,39.9916083386941,29.126144795077
40.5411132007314,31.5294081097206,31.8653221420705,29.7535786091828,7.54652391367912
25.0414871689576,31.4572638234406,31.2814604424949,29.3051393039775,14.130727285791
68.2183935910913,31.811221376088,31.9770568621506,38.4286917875749,7.50946497042742
20.9689225651161,31.4688947994592,30.997867084197,28.5029016482257,8.23415688851173
53.0530285077028,31.6783609352589,32.0314086205329,33.4812515328024,5.72769261343809
28.3602215567551,31.6607976698636,31.4448812378317,30.6178491357294,5.27375886901277
42.7612750074329,31.6922693358657,32.2157315318377,32.7420218918694,11.9893036792461
15.5581617034665,31.1355158152293,30.791124333326,26.8892471115718,12.6666681342182
15.25274499755,31.0248365613129,30.8928307357394,24.0479375988877,13.7283652972288
31.3338032506401,31.5936007159006,31.1488350898877,30.725379659808,17.2228754898903
17.2059248946563,31.2441101531635,30.7537635933742,24.5939259824055,23.6471493727076
37.6502148906937,31.6305671129811,32.0188417430488,33.1807992119529,11.9563499111978
11.6793947344793,31.0370705389554,30.3166017989495,24.4176503941956,10.4432867127386
35.2061913095057,31.3656564297734,31.5967553324585,27.2887337227417,5.60051557587734
19.0832788651841,31.4747099150779,31.1622535453987,28.3768693867313,3.53640492520792
43.7316815807194,31.899553406,31.7387735564817,32.2573273321204,10.7493552058705
19.9992793268439,31.2433706060447,30.7094754328187,27.1342321658356,10.6796861846042
37.2527642823129,31.2039845328878,31.8128089265612,27.6011513247637,7.49459326345969
9.92581597599508,31.062663425453,30.3866574261428,22.2562680516201,4.53175016645265
103.250747370974,31.9735347453789,31.8718211251435,40.0715538033592,19.9217169237411
61.8355642074496,31.8776092884217,31.4831294968113,41.0704744944379,17.5160702407937
10.3047597899954,31.0390178384386,30.5657467014097,22.7154648489817,7.9140422632845
46.2965388786358,31.5860514275312,31.1806102721149,34.3662548195145,9.11678355558002
29.4549413247407,31.6993435533067,31.6232867004459,31.1313885612702,15.6569554417436
37.6227492243347,31.4928464152731,31.3273421079068,30.8245408914637,11.3481950359508
29.4506485217286,31.6526286075677,31.5882644643862,30.6808751061802,7.69625919288585
29.7965430579973,31.4737943446614,31.2388177396545,29.5994167330875,10.435063215942
20.3356456871507,31.3031743312232,30.7670616380171,28.5643446096207,6.25962796497978
23.1227608260999,31.484207707514,30.9273651902987,28.2626373428125,10.3094227571675
108.419649802587,31.9995362683752,32.0270257410863,42.4489646639931,13.7180825366914
44.2712768406,31.5904294654278,31.766517940727,32.9416206468788,11.1505784461403
29.269812933708,31.5661614200754,31.3930319486428,30.4971020250716,4.10288461675379
114.532169474206,32.0916860443008,32.1241522298027,39.8784540259173,21.7799510143649
17.8690882727292,31.4576385008701,31.8325632890362,27.8679392110567,5.72718014034986
27.3949128087983,31.6011184441841,31.5504785577137,29.982572215608,6.27120786705059
44.4349674193712,31.9880216559874,31.6634351689057,33.1669516418108,5.32165047161308
65.1758354498648,31.5614195781385,31.8891134761763,35.211968391101,8.55905514047581
27.6172906763858,31.2838190888944,31.0145530535404,28.7994506244533,4.65295428685511
30.9517773826271,31.5518025324008,31.6352277805014,28.5623706034177,12.1851663398557
10.6451189160465,31.2893313980756,30.7807002794808,23.2637110556833,10.4136244252417
37.023734197374,31.5430169964032,31.1328302517686,31.8306644612566,3.27200627789436
25.0742360029301,31.3669243984217,31.2098353175701,26.3346629267681,6.33996524138538
147.865578443715,32.1874391171458,32.4182282922523,47.8822833695136,3.67589977008543
36.5000618026566,31.445482206691,31.1922499351022,32.0525478801134,10.1946325997103
73.074285397284,31.8345396201719,32.3339029921623,36.6505004533764,22.7513094429399
12.435427030769,31.1281291363675,30.8542263532097,23.6296169558172,17.6497282027658
29.8943141624018,31.4911623417235,31.4349131508596,30.3132530380861,9.86477935800728
20.6090078042346,31.5753751956528,31.6451248652015,29.1365019592555,17.9951569308036
42.0492983055544,31.7810973997876,31.655469802991,31.5747193410692,8.61889401211673
25.8805016588355,31.4844617208452,31.5617416655154,28.928059057607,19.0440135986618
8.5466665941059,30.8328738786471,30.8689905382228,18.9589557011549,34.8952450660485
22.0257971696969,31.2692002486192,31.1321526153843,28.2069017456216,4.84455402438097
16.4956152530039,31.3746587867567,31.0576131622117,26.0897909398407,20.1350002005252
39.771306504616,31.7190992350657,31.4300354317442,32.7466800940294,17.1061341419867
33.290281353707,31.7284949548053,31.4006588424113,34.0065722512496,8.32630671814829
54.7129551025889,31.6400204954024,31.9135525877475,31.0828651553448,7.70996077343146
41.880690284223,31.6024475094079,31.2241182364894,32.2904877391227,9.91684753319633
21.209054876079,31.0502688014596,30.8791904705369,24.8638734404477,13.4097996493436
43.7444291763814,31.6403884403628,31.5604091614669,30.8380056399359,19.189885533959
54.2694360445157,31.5956960662424,31.5279033619501,34.7234323194291,17.6862477139187
64.6848305371872,31.6432786859172,31.9800999483589,36.937943856321,7.22479519045163
15.4235881486427,31.2308330732654,30.8071353647832,26.356626079255,7.15645157314867
56.8117567447476,31.5846434880161,31.3861304569878,33.8866471573819,6.17621685978974
36.1373405440988,31.3318905093075,31.7024977760128,28.5222965001679,4.43959216804918
25.1135636904995,31.4061899867701,31.4090734160626,28.1962543426604,17.6378592540643
52.6955754325316,31.666491034205,31.2808809362005,32.9920393416856,20.0206753329925
30.8725462353573,31.5231550056203,31.2600598968497,30.8089029641987,6.69850443141698
47.0691034662043,31.9055474256309,31.8517633227671,38.0363308488661,5.26320591206859
22.7408772668177,31.406498710185,31.1770415540643,28.2069602730482,15.4958489231506
31.4260313673813,31.5755105699754,31.1884053337418,32.5580934662053,12.7954000436404
42.9811546642158,31.5179391714862,31.5068004128155,32.2218364263996,19.3615344543314
41.0168416093848,31.6475795409917,31.1156510238858,32.7571406161322,7.14546423930691
24.4492824220743,31.5350922011805,31.4443458187813,28.5805823050927,4.94459608865035
22.1949267229926,31.3901414332481,30.6728492286695,29.9653300481035,7.24121612677392
122.566666427634,32.1914717102293,32.1197875084918,46.2540368313627,48.3393491566088
22.7214559203627,31.4200276339754,30.6426970988838,28.9465876460065,16.7475346726854
23.5654722072737,31.4635671684441,31.4943537841856,28.6566801656708,34.0745171753421
29.3530244305589,31.2764552528308,30.8047343359822,26.9858542012777,26.2923338451618
52.6552150214868,31.8180437335029,31.6269794649987,38.3867840686302,11.5869789545204
20.28943735056,31.2109470476249,31.0341610787501,24.4639868785342,47.2776779959225
13.7093675708711,31.100631170059,30.7379229030307,25.3293526284048,11.2668337413957
47.1479508158362,31.6260024125665,31.8346034467874,33.7386414851941,29.9299081239935
39.6602159565253,31.6759190826932,31.3913493294509,32.2417553126016,16.8977130774482
27.8856838479709,31.3100832293418,30.9748559636582,27.7693957749416,13.613099028377
19.2329587281968,31.3460491039455,31.1288389252713,26.9668108373572,40.2935406467458
17.4986138090107,31.0719993539919,31.5379413690419,22.8301950277946,6.51619010772636
19.9719734924317,31.5567733774983,31.1919698546385,28.4846363528835,18.4762405925926
43.5724321758913,31.4692599313618,30.8904547976653,31.3190496089551,5.8746836962367
49.6299398284236,31.8526762928057,31.5990835505427,33.9427469107628,36.2452478817306
15.7116291857529,31.1167382643934,31.1621941850649,25.7693101758498,9.51490153653496
4.89340441156484,30.8483283589581,30.0808141473945,19.8820857283448,33.5730874418472
19.6982671835042,31.0546422276846,30.6275805355575,25.2270387225181,3.85807484167377
47.3661263193608,31.86855744017,32.0292658569639,33.1384263960338,7.86161591298728
23.6090476955462,31.5181136330837,30.781957380484,29.1365625497915,18.4908542325453
11.7400336846231,31.1243251309061,30.5522520028306,23.1731296485782,25.4200873860858
27.3606464515441,31.1660022842238,31.0032823012144,28.0285227365126,10.4096390764042
9.74750671486664,30.6258045794045,30.4975897921038,21.3958168243453,10.0515114812048
22.0248700651255,31.6817853390067,31.3067457907294,29.6656826184592,21.822122447512
15.6052712481443,31.251645465917,31.0182750507131,24.3440019098199,4.08216321497374
38.7303247035879,31.543968112097,31.7709502311013,30.6050368150497,12.7834261317543
44.6117954371613,31.5023665173833,31.3008400229,33.1222536135644,95.1747701409505
35.2872977518278,31.3648178919691,31.1663325758803,29.3696683011603,34.6320278966701
17.5344538156952,31.6400009100127,31.1706898747314,28.6732575280597,6.53459020469873
11.7768448577936,31.074196420766,30.9336770005661,24.3444755804509,7.97556373275316
21.6536318208961,31.57336607239,30.9936804683968,27.0943530408707,7.22057877841065
26.546548602748,31.2458695421169,31.3620725926495,27.3878782576477,7.42479103637017
10.7930772488217,31.1499055158691,30.793855868399,24.1463866769615,23.3122748570018
20.1896054034306,31.5730855478939,31.2493965129595,28.5647461770058,10.7902533905488
221.446577710866,32.3520470301242,33.0081767365238,48.9429499412534,24.3577370797093
65.1288049367689,31.8519898028484,32.1655102560373,35.8479914162466,9.42996857570725
26.941259278073,31.3117897345418,31.3211875722922,28.9680711011789,14.6451206538333
46.6395252460707,31.7686938325801,31.691331345643,32.9673450019574,15.4244749334742
43.66257079545,31.7237433081911,31.7214040875952,36.4996871365466,6.84270321701722
20.0136828674681,31.3875466621383,31.0834873597541,25.9985136842081,17.7882415533773
30.085937996791,31.7265212101166,31.8716307470721,31.1036412970335,3.49926552373004
93.049346914058,31.4293431979128,31.8551592898817,35.8310301673261,22.3048093938212
13.6593775742078,30.9326030789834,30.6633975671321,23.0001544456381,8.19258980063099
7.07727744783188,30.9022953452684,30.2996935626718,21.7559246302646,6.00330905432694
48.2752719954022,31.660029059826,31.542884194652,33.5016545583348,8.76554731088513
22.2776564761513,31.080060868783,31.0451202199435,27.6291383848243,11.8236921783211
34.6424292957,31.5570275783886,31.2561648821017,31.2257579734045,47.7301018438467
17.3714167950891,31.3616274045793,31.0532060253322,26.8676281584579,28.0576865625348
65.9456502629841,31.6689272034663,31.5809076877443,37.1942558342316,4.19275880730633
14.9319738241614,30.8985143956396,30.5785291939229,24.6258589436221,6.1043800641094
21.2161080398982,31.2731231925333,31.1519361042206,27.2187799209894,16.6039769404673
28.3273656982356,31.436184446494,31.6183681214842,27.6304925776347,14.6337440410965
33.4910598421199,31.2024895651289,30.9204700080625,27.319673289605,8.69429729241351
166.060478499164,31.924252395669,32.3158983150665,43.1448081396437,3.01068922618178
51.5088961643232,31.4786745463131,31.5916328370522,32.144125393794,29.8334824193468
24.0645706468444,31.3557929612454,30.9674751283164,29.5598104158697,6.82774764291807
50.7962547900089,32.0391190549346,31.9021764056281,36.7587825985287,14.175012320741
25.4898088951944,31.3203261065788,30.9481508936773,27.5893430990062,10.6450154836085
30.4058861670756,31.5557444854558,31.6105409513976,28.6520257835543,10.2385599689337
66.3835022335378,31.9338372734331,31.9184381105244,38.9545086857474,18.8711726562164
31.558266065805,31.2623096739534,30.8678049992234,27.1627444364738,10.4023963467551
41.2793343909181,31.5220865024618,31.776889726955,30.6110278945987,3.31677571130047
13.5723041126975,31.2548083498356,30.9735649446804,23.9954555425205,28.5858031962269
35.7529117590535,31.5712914027781,31.4998630908195,31.0247610288768,13.9070237049724
11.6749319185645,31.1647784946552,30.5324956813185,23.3209403716908,6.94840308334548
17.5842163557128,31.264581203359,31.0966979449765,26.0878550197862,8.69695362139854
54.1030602342595,31.8108046901076,31.5829285722232,34.9736372601495,15.2187482543569
29.0469643249477,31.1193515335697,31.3617281453176,27.8535418419911,10.3411447517561
25.3036557033088,31.4251892472819,31.2235415516587,29.3954424003999,26.2144096061083
29.1837879901129,31.4214359310056,30.6102027508498,30.6214082475208,14.6367903268949
14.5090546592321,31.1878208677473,30.9118875489293,26.6131437310391,13.9318107933896
32.3396032118995,31.1416763489715,30.9531913560461,27.632696546836,10.3255871431929
26.1702363955608,31.0543798039009,31.0394574790164,27.7282361096655,7.73547260268851
22.6669823144796,31.2768632772347,30.8213977427089,27.0197288475247,18.2416395789193
45.891507950429,31.7688103382837,31.8824137671238,33.3154850267398,18.9379753633282
79.7855243598258,31.7614640136868,32.1124109098814,35.7004589102807,7.32284909580716
11.7605789304745,31.0496301743763,30.5765148373189,22.2308541789479,12.9781294120254
41.4752115179148,31.5762472781028,31.5714204078744,30.2010671198377,18.648375184826
9.95793709872159,31.1805887262254,30.3715260157766,25.2939543135159,10.0489394756877
50.032064210934,31.6128002569781,31.863397238181,33.324585911627,8.82726313802814
16.8158228177131,31.1023719403037,30.886892258156,25.3719018556716,7.07199980609894
25.3490735075108,31.1965424567051,30.6925284973049,27.3356452735891,38.2233280921287
48.9146032542979,31.5990731331803,31.4723007574311,33.7676097464274,15.2028071039712
92.489505654296,31.8005481081875,32.2602432677837,38.9580462148119,6.18015943355103
27.9443090594514,31.4098643157798,30.7028065015354,29.3669219384672,7.55763513766312
19.619208687323,31.3644363437003,31.2542696811209,27.0434885523035,12.8198049068648
40.0874438865417,31.4457715872638,31.6801544518733,30.1968548613435,16.5281093861279
20.6504857604853,31.1155060053319,30.9490967849488,25.608431128138,7.7595612316485
93.3371253184494,32.1336189945705,31.9042742591124,42.496797156669,22.3651527978056
66.7138023390725,31.6673008595323,32.0986010139166,35.4066519273487,17.8524372725814
36.218757591227,31.6524537369425,31.7962005655683,30.4058336751743,16.2203104168727
70.8848157123398,31.536925552536,31.4549573517341,35.108713103381,16.8134520371879
21.132350121986,31.4180153514333,31.2974499172747,26.9720872082156,20.1109481251575
40.7537762008728,31.6495406872419,32.106419581905,31.9182488096516,12.700482956492
27.9843917340039,31.5126272273196,30.695774215337,31.3372479110245,21.655774031811
58.0205938646382,31.2635024587942,31.3621636176861,33.0000385572481,21.1250513626122
5.9037693611014,30.7029739515963,30.0263689839598,20.6106161689701,24.0462588419117
23.5215165300267,31.2410188385939,31.2471092838706,29.1354911018501,3.24007803889593
15.858022309503,30.9591979776124,30.7185599653025,23.8609572968831,3.77661706140868
13.1572169789749,31.051247466527,31.1244094648819,24.1939126704229,10.2047522204742
24.5991443023316,31.5000878306502,31.5808710296768,28.8332249433993,36.9722633562717
22.0096328012065,31.5631791745917,31.0125500461692,29.8480456001651,12.2649416419496
30.5710118014745,31.5929380174794,31.1657911874901,30.5791067854183,7.16457028213729
68.2867368433271,31.758482463126,31.899010268163,36.7640382163556,11.4225719258291
40.3277946344221,31.8349532414563,31.5936969204031,35.7808789067449,14.9369517319334
35.0779074741862,31.5540431727818,31.777840792436,29.3320887740194,26.758477032793
26.2122781788811,31.7046006982796,31.5552890137328,28.8090811803008,7.60952612445606
19.0499351740227,31.0401954297869,30.4944588262907,26.3487938802628,5.10680545883701
21.7311653119297,31.4090855315843,31.3655115355992,28.5455074828525,11.6624227811729
78.3769866269928,31.7155057052596,31.6719640016078,37.064627634528,3.44228317082651
13.613952792905,31.5768123041182,30.616365678772,26.7682728305433,5.44556909990807
24.5850682501718,31.4456620601256,30.8681431380094,30.304293171089,14.5240056217527
25.1045959983815,31.0620404530218,30.5161638011023,30.3065192128429,53.1541913133667
12.5611257002978,31.357316724038,30.8154542692822,26.7765003719928,16.6051974449885
38.5981751617339,31.3110286571756,31.1607556497194,30.9219269600068,11.157088365122
89.455462734303,32.0495778011154,32.3118470000742,41.8820584812064,11.7875230735328
88.4063866204287,31.8028733779149,31.895245608458,37.8871223166874,37.5613700628053
24.1839948811155,31.3874403197098,30.6699701909015,30.1619024785423,5.50043624063745
12.4692740258255,31.2003608312365,31.1182211486245,24.1143532048915,10.883556763921
22.4860924217974,31.2523665315258,30.7809158387295,26.8097505424402,1.82382849403584
36.2413776437611,31.3248749560108,31.5265775795178,29.2374502165018,9.09229620021465
40.1995987705533,31.6331861817787,31.7186406072588,34.3011670279233,9.67126565781842
28.8807508531463,31.5664238452715,31.526754887699,30.1244875047236,15.1281626966257
24.3482853739457,31.2834428912081,31.1863250671698,26.8055749462491,7.08290596945473
22.2144032283602,30.9975135187927,30.9756350266474,24.841126005097,8.42627005772598
24.7157150152085,31.5099938968331,31.5845531810854,28.5379631386658,8.9759424011854
18.2918972398595,31.1591130689846,30.6145484307256,27.3929580614292,9.90572110867866
30.4620444819279,31.6333433443725,31.3482877191435,30.4671259694057,6.26066517340705
88.2427870394603,31.8912605376701,31.7559248563624,40.0063111541219,21.1438010350008
54.0509315231928,31.7245009498622,31.8140580401484,33.9767288184436,9.29617651552292
44.8228785266249,31.8219992076465,31.8089038654093,34.443587405436,11.6920297804369
36.6235487383748,31.5732658541326,31.6636632183238,32.6488112171903,6.1408436485593
25.3330703578655,31.5270078481591,31.3247328849873,31.1059195727166,13.0284047284307
79.9184180352285,31.707681093768,31.9089643824531,36.1045493997638,7.89105150882156
30.0346688031255,31.3169628653229,30.8426299394629,28.0524635414282,14.4612666014415
6.58813956783091,31.0826401424671,30.5963554663468,21.4855345903382,5.64141189607311
34.2234594779488,31.5298273325598,31.3979535565038,30.1211812176037,14.9981984924382
77.5446404266582,31.696940198475,31.6893421571912,35.8175825110189,37.7372341142886
10.4085542491415,31.1533788179328,30.7309165361053,20.7872533271131,10.2704624668
13.453151780844,31.1976387253941,30.739398395775,24.5444274119071,20.8917163065696
10.4815156249404,30.9658936298314,30.7849103625323,21.9892403172687,26.3984425022046
31.3130090370785,31.4428521703456,31.2154061458274,30.162924424717,11.6778434619587
19.9487824941883,31.052565824968,30.7706834570195,25.8950301135087,10.3430912592193
82.3626531285349,32.1449210207653,32.397702834097,40.9220575114635,5.49434416604111
35.2224118806077,31.7201911326175,31.5915593274166,32.5627696592011,32.6811211554696
18.2303239315875,31.1294682853662,30.4817700435809,25.2569609241898,12.527252753235
23.4384633525386,31.2922782062088,31.0400339284942,28.368248051423,8.21921189155143
35.126120243099,31.6340485981181,31.5846081190347,32.444978487558,21.7235580311086
53.0403013084384,31.5953740140661,31.4836952304478,33.8107225317734,24.4431842182783
24.4554026537593,31.3961677432701,31.254394833351,28.8810411704813,11.8986395688758
15.0606328319756,31.1894904286171,30.2818687559459,25.5444627956924,25.7531060561029
36.7122356417136,31.5764276655645,31.7559436249408,31.4678960416703,33.8228755946594
25.8009282624338,31.4078062849046,31.1580196475955,29.0506561807736,26.6784373037859
