"fit.data.JPM","fit.data.WFC","fit.data.C","fit.data.USB","XLF.close"
34.98,28.43,28.33,27.58,13.34
34.950001,28.559999,28.17,27.57,13.299999
35.68,29.02,28.51,27.98,13.479999
35.360001,28.940001,28.549999,27.75,13.399999
35.299999,29.299999,29.08,28.24,13.47
36.049999,29.41,30,28.26,13.71
36.66,29.620001,31.27,28.41,13.869999
36.849998,29.610001,31.6,28.74,13.919999
35.919998,29.610001,30.74,29.030001,13.819999
34.91,29.83,28.219999,28.77,13.71
36.540001,30.24,29.030001,29.08,13.919999
36.93,30.15,29.33,28.559999,14.05
37.360001,30.540001,29.639999,28.74,14.139999
37.66,30.92,29.85,28.49,14.189999
37.66,30.540001,29.9,28.450001,14.169999
37.599998,30.200001,29.959999,28.6,14.199999
37.490002,29.049999,30.379999,27.790001,14.08
37.209999,29.6,30.870001,27.860001,14.129999
37.009998,29.25,30.23,28.01,13.999999
37.299999,29.209999,30.719999,28.219999,14.06
37.599998,29.889999,31.6,28.559999,14.279999
37.549999,29.9,31.99,28.57,14.349999
38.279999,30.629999,33.540001,29.200001,14.739999
38.139999,30.200001,33.299999,29.16,14.67
37.869999,30.26,33.07,29.450001,14.659999
38.299999,30.629999,34.23,29.629999,14.77
37.860001,30.58,33.66,29.34,14.709999
37.610001,30.26,32.93,29.01,14.569999
38.299999,30.620001,32.880001,29.18,14.7
37.919998,30.42,32.080002,29,14.56
37.400002,30.17,31.719999,28.629999,14.469999
38,30.370001,32.709999,29.08,14.7
38.470001,31.09,32.919998,29.35,14.79
38.459999,30.959999,33.360001,29.120001,14.779999
38.07,30.59,32.360001,28.809999,14.589999
38.490002,30.65,32.709999,28.99,14.719999
38.279999,30.18,32.349998,28.73,14.67
39.060001,31.030001,32.93,29.299999,14.779999
39.209999,31.370001,33.48,29.17,14.82
39.240002,31.290001,33.32,29.4,14.759999
40.369999,31.540001,34.130001,29.709999,14.92
40.630001,31.280001,34.099998,29.27,14.869999
40.400002,30.969999,33.68,28.9,14.81
39.32,30.110001,32.119999,28.370001,14.45
39.950001,30.41,33.240002,28.639999,14.629999
40.439999,31.4,34,29.16,14.77
41.029999,31.66,34.200001,29.719999,14.89
40.540001,31.51,34.290001,29.68,14.849999
43.389999,33.330002,36.450001,31.01,15.42
43.580002,33.369999,35.209999,31.48,15.439999
44.700001,34.07,36.27,31.68,15.709999
44.57,33.889999,36.689999,31.65,15.719999
45,34.25,37.169998,31.85,15.799999
45.380001,34.32,38.080002,31.700001,15.88
45.119999,34.02,37.799999,31.540001,15.809999
44.650002,33.360001,36.900002,31.370001,15.6
45.16,33.529999,37.130001,31.700001,15.729999
46.169998,34.389999,37.43,32.110001,15.979999
45.889999,34,36.779999,31.690001,15.829999
46.27,34.470001,37.060001,31.82,15.869999
45.669998,33.939999,36.509998,31.549999,15.709999
45.98,34.139999,36.549999,31.68,15.799999
46.130001,34.509998,36.869999,31.709999,15.919999
45.419998,34.48,36.369999,31.59,15.829999
44.41,33.880001,35.040001,31.309999,15.579999
44.34,33.73,34.790001,31.35,15.54
43.889999,33.419998,33.970001,31.01,15.3
42.959999,32.919998,32.860001,30.34,14.969999
44.009998,33.619999,33.59,30.870001,15.209999
44.84,34.02,34.630001,31.34,15.489999
43.209999,32.84,33.41,30.9,15.129999
43.330002,33.150002,34,31.16,15.239999
43.900002,33.68,35.080002,31.549999,15.459999
43.290001,33.57,35.080002,31.299999,15.339999
43.220001,33.119999,34.849998,31.219999,15.27
42.720001,33,33.889999,31.290001,15.19
42.849998,32.689999,33.25,31.209999,15.079999
43.279999,33.07,33.419998,31.620001,15.249999
43.16,33.349998,33.68,31.68,15.38
43.799999,33.84,33.880001,32.099998,15.51
43.34,33.77,33.5,32.43,15.52
42.98,33.419998,33.040001,32.169998,15.43
43.790001,34.09,33.599998,32.290001,15.589999
43.200001,33.57,32.700001,32.040001,15.469999
43.009998,33.389999,32.48,31.940001,15.339999
41.75,33.029999,31.6,31.67,15.099999
41.779999,33.5,31.67,31.84,15.19
41.380001,33.150002,31.32,31.57,15.089999
40.639999,32.630001,30.450001,31.469999,14.92
40.740002,33.189999,30.65,31.91,14.979999
36.959999,33.310001,29.35,32.209999,14.81
35.790001,32.41,28.139999,31.559999,14.509999
36.240002,32.240002,27.790001,31.299999,14.43
35.459999,31.969999,26.92,31.059999,14.22
33.93,31.440001,26.41,30.65,13.93
33.490002,30.940001,26.01,30.27,13.769999
32.509998,31.4,26.25,30.719999,13.899999
34.009998,31.67,26.92,31,14.009999
34.259998,31.74,27.15,31.09,14.06
33.970001,31.809999,26.66,31.129999,14.069999
33.5,31.860001,26.469999,30.93,14.02
33.630001,32.25,27.02,31.209999,14.22
32.959999,31.700001,26,30.75,13.889999
33.150002,32.049999,26.51,31.110001,14.009999
31.93,30.16,25.389999,29.6,13.49
31,30.049999,24.82,28.790001,13.359999
31.99,30.52,25.75,29.219999,13.579999
33.07,30.969999,27.139999,29.700001,13.979998
32.810001,31.18,26.91,29.58,13.97
33.68,31.43,27.77,30.1,14.139999
32.82,30.99,26.48,29.870001,13.879999
33.77,31.299999,27.620001,30.629999,14.09
34.299999,31.58,27.67,30.559999,14.039999
34.650002,32.029999,27.91,31.01,14.21
35.029999,32.450001,28.309999,31.58,14.34
34.619999,32.459999,27.549999,31.52,14.259999
35.380001,32.959999,28.5,31.76,14.499999
36.450001,32.810001,28.860001,31.719999,14.529999
35.509998,32.34,27.83,31.23,14.21
35.990002,32.810001,27.99,31.719999,14.34
35.32,32.220001,26.75,31.16,14.039999
35.709999,32.330002,26.73,31.309999,14.109999
36.779999,32.73,27.1,31.43,14.279999
35.880001,32.48,26.389999,31.440001,14.27
35.73,33.439999,27.41,32.16,14.64
36.279999,33.549999,27.459999,32.439999,14.729999
35.880001,33.48,27.65,32.580002,14.81
34.380001,33.130001,26.84,32.290001,14.589999
33.900002,33.049999,26.360001,32.009998,14.469999
33.959999,33.259998,26.110001,32.029999,14.45
34.25,32.970001,25.879999,31.9,14.34
34.59,33.27,25.870001,32.279999,14.46
34.040001,32.849998,25.280001,32.009998,14.31
36.07,33.91,26.65,32.700001,14.709999
35.09,34.02,26.809999,32.779999,14.68
34.990002,34.119999,27.379999,32.950001,14.759999
34.959999,33.959999,27.1,33.48,14.689999
34.459999,34.150002,26.59,33.799999,14.599999
33.900002,33.810001,25.870001,33.599998,14.379999
34.439999,33.439999,25.34,33.419998,14.259999
34.73,33.23,25.24,33.470001,14.22
35.169998,33.16,25.790001,33.290001,14.27
35.810001,33.779999,26.280001,33.59,14.489999
36.889999,34.150002,27.299999,33.919998,14.759999
36.139999,33.959999,27.139999,33.75,14.729999
36,33.810001,27.129999,33.5,14.659999
36,33.900002,26.780001,33.32,14.589999
35.169998,33.34,26.18,32.900002,14.479999
36.09,34.34,27.4,33.490002,14.82
36.299999,34,28.559999,33.009998,14.879999
37.009998,33.959999,28.889999,33.09,14.939998
37.16,33.82,28.860001,33.02,14.939998
36.919998,33.82,28.860001,33.029999,14.93
36.970001,33.830002,28.9,33.16,14.939998
36.990002,33.959999,28.780001,33.18,14.949999
37.099998,33.959999,28.77,33.02,14.93
37.07,33.970001,28.74,33.169998,14.979999
37.099998,34.130001,28.82,33.209999,15.079999
36.98,34.029999,29.030001,33.110001,15.129999
37.369999,34.07,29.98,33.23,15.17
38.040001,34.380001,30.73,33.029999,15.219999
37.830002,34.18,30.49,32.900002,15.199999
37.23,33.919998,29.59,32.759998,15.05
37.169998,34.040001,29.83,33.029999,15.129999
37.23,34.02,29.690001,33.189999,15.119999
37.130001,34.099998,29.34,33.310001,15.099999
37.299999,34.07,29.91,33.5,15.129999
36.900002,33.869999,29.65,33.290001,15.05
37.139999,34.029999,29.709999,33.41,15.159999
37.009998,33.799999,29.700001,33.119999,15.159999
37.110001,33.75,29.77,33.080002,15.159999
38.689999,34.84,31.120001,33.93,15.52
39.299999,35,32.07,33.98,15.679999
38.759998,34.59,31.83,33.830002,15.55
39.599998,34.150002,32.66,34.040001,15.679999
39.919998,34.330002,33.049999,33.939999,15.739999
41.400002,35.549999,34.450001,34.869999,16.149998
41.57,36.130001,34.790001,34.93,16.279999
41.189999,35.330002,34.060001,34.189999,16.129999
41.259998,35.439999,33.939999,34.189999,16.049998
41.34,35.25,34.18,34.34,16.040001
41.25,35.200001,33.810001,34.040001,15.949999
40.880001,34.970001,33.669998,33.849998,15.829999
41.23,35.099998,33.490002,34.18,15.839999
40.549999,34.720001,32.860001,34.119999,15.6
40.240002,34.419998,32.509998,33.950001,15.499999
40.68,34.759998,32.970001,34.16,15.64
40.48,34.529999,32.720001,34.299999,15.589999
40.970001,34.700001,32.75,34.09,15.66
40.919998,34.82,33.259998,34.080002,15.689999
40.860001,35.439999,34.060001,34.380001,15.829999
41.82,35.970001,34.959999,35.189999,16.069999
41.709999,35.84,34.77,34.919998,16.059999
41.66,35.799999,34.779999,34.810001,16.049998
41.380001,35.099998,34.599998,34.68,15.949999
41.77,35.23,35.139999,34.599998,15.939999
42.099998,35.18,35.52,34.389999,16.03
41.619999,34.25,34.75,33.720001,15.809999
42.380001,33.900002,36.66,33.630001,15.989999
42.830002,33.73,37.25,33.610001,16.089999
43.32,34.470001,38.43,34.200001,16.299998
43.009998,34.57,38.419998,34.400002,16.329999
42.32,34.34,37.16,34.23,16.11
42.09,34.5,37.720001,34.169998,16.11
41.330002,33.869999,36.889999,33.360001,15.839999
41.709999,33.720001,37.299999,33.130001,15.839999
41.669998,34.060001,37.41,33.48,15.88
41.16,33.970001,36.599998,33.150002,15.799999
41.68,33.689999,37.389999,33.209999,15.899998
42.84,34.060001,37.950001,33.66,16.1
42.419998,33.740002,37.599998,33.43,16
42.27,34.02,37.32,33.139999,15.97
42.880001,34.32,38.470001,33.59,16.149998
40.48,32.91,36.049999,32.389999,15.609999
40.400002,32.349998,36,32.169998,15.479999
40.619999,32.349998,35.93,32.099998,15.499999
40.580002,32.369999,36.419998,32.060001,15.529999
40.040001,32.02,36.16,31.709999,15.42
39.290001,31.43,35.02,31.33,15.149999
39.389999,31.57,35.209999,31.209999,15.18
39.529999,31.940001,34.98,31.549999,15.279999
40.59,32.400002,36.099998,32.080002,15.569999
40.700001,32.919998,36,32.25,15.649999
40.73,32.59,35.77,32.049999,15.649999
41.09,33.200001,36.029999,32.580002,15.839999
40.880001,32.900002,35.57,32.380001,15.78
40.75,32.630001,35.040001,32.099998,15.64
40.830002,32.810001,35.07,32.389999,15.699999
41.220001,33.16,35.209999,32.400002,15.78
41.080002,33.009998,34.57,32.259998,15.76
40.810001,32.75,34.220001,32.049999,15.699999
40.57,32.740002,34.290001,31.43,15.66
41.200001,32.98,36.459999,31.76,15.85
41.470001,33.139999,37.02,31.809999,15.899998
42.560001,33.23,37.639999,32.02,16.03
42.310001,33.049999,37.189999,31.9,15.989999
42.639999,33.290001,37,31.969999,16.069999
42.77,33.5,37.529999,31.870001,16.139998
42.779999,33.259998,37.290001,31.57,16.059999
42.810001,33.150002,37.599998,31.4,16
43.48,34.380001,39.150002,32.09,16.329999
43.869999,34.959999,39.459999,32.57,16.569999
43.529999,34.619999,39.450001,32.200001,16.469999
44.529999,35.060001,40.169998,32.439999,16.7
44,34.48,39.490002,32.48,16.399999
43.919998,34.419998,39.380001,32.310001,16.37
43.959999,34.330002,39.549999,32.259998,16.37
43.630001,34.18,39.25,32.02,16.309999
43.240002,33.91,39.009998,31.68,16.179999
43.970001,34.18,39.560001,31.940001,16.389998
44.66,35.049999,41.25,32.970001,16.87
44.57,34.759998,41.389999,32.509998,16.85
45.360001,34.939999,42.43,33.220001,17.049999
45.41,34.77,42.470001,32.919998,17.009999
45.5,34.709999,42.459999,32.970001,16.959999
45.470001,34.709999,42.040001,33.27,16.94
46.150002,35.400002,42.830002,33.639999,17.149999
46.139999,35.099998,42.34,33.5,17.11
45.880001,34.77,42.220001,33.470001,17.059999
46.349998,35.110001,42.57,33.279999,17.129998
46.82,35.09,42.48,33.150002,17.139999
46.439999,35.029999,41.240002,32.759998,17.129998
46.459999,34.93,41.66,32.869999,17.149999
46.540001,35.040001,41.779999,33,17.309999
46.23,34.950001,42.02,33.09,17.299999
46.369999,35.16,42.799999,33.110001,17.389999
47.16,35.139999,42.91,33.169998,17.469998
46.639999,35.110001,42.34,33.169998,17.399999
47.119999,35.27,42.16,33.330002,17.469998
47.130001,34.970001,41.950001,33.139999,17.389999
47.049999,34.830002,42.16,33.099998,17.379998
47.849998,35.130001,43.02,33.400002,17.609999
47.68,34.759998,42.209999,32.959999,17.409999
48.790001,34.849998,42.919998,33.130001,17.58
48.610001,34.970001,43.049999,33.610001,17.609999
48.23,34.66,42.869999,33.540001,17.559999
48.630001,34.880001,42.68,33.650002,17.599999
48.66,35.259998,43.150002,34.09,17.68
49.139999,35.509998,44.349998,34.310001,17.819998
48.68,35.130001,44,33.93,17.78
49.220001,35.209999,44.32,33.990002,17.839999
48.880001,35.16,43.84,33.91,17.759999
49.450001,35.139999,44.5,34.080002,17.93
48.610001,35.099998,43.220001,33.849998,17.659999
48.25,35.459999,42.349998,33.77,17.52
48.91,35.82,42.790001,33.880001,17.739999
47.700001,34.790001,41.150002,33.34,17.259999
47.599998,34.75,41.290001,33.790001,17.35
49.279999,35.130001,42.16,34.029999,17.62
48.919998,35.080002,41.970001,33.98,17.59
48.91,35.389999,42.110001,34.009998,17.639999
49.099998,35.849998,42.939999,34.279999,17.79
49.490002,35.880001,43.599998,33.810001,17.94
50.029999,36.049999,44.580002,33.740002,18.059998
50.630001,36.419998,45,34.150002,18.19
50.200001,36.5,46.68,34.23,18.239999
50.48,37.130001,47.599998,34.41,18.379999
50.279999,36.66,46.950001,34.34,18.28
50.16,36.77,46.970001,34.220001,18.329999
51,36.970001,47.459999,34.060001,18.450001
50.02,38.200001,47.259998,34.220001,18.450001
49.509998,37.759998,46.240002,34.130001,18.27
49.200001,37.490002,45.790001,33.950001,18.17
49.119999,37.439999,46.09,33.93,18.29
48.349998,37.139999,45.23,33.549999,18.069998
48.779999,37.200001,45.23,33.57,18.18
48.52,37.209999,44.490002,33.669998,18.129999
48.639999,37.299999,44.830002,33.68,18.249999
47.77,36.98,44.459999,33.759998,18.159999
47.459999,36.990002,44.240002,33.93,18.209998
47.830002,36.93,43.790001,33.990002,18.12
48.279999,36.880001,44.110001,34.099998,18.229999
46.849998,36.669998,42.5,33.669998,17.93
47.490002,37.419998,42.77,33.82,18.089999
47.91,37.150002,43.009998,33.360001,18.03
48.580002,37.02,43.560001,33.689999,18.209998
48.68,37.450001,43.889999,33.689999,18.259999
49.25,37.57,45.060001,34.189999,18.51
49.310001,37.509998,44.869999,34.200001,18.549998
49.009998,37.209999,44.779999,34.080002,18.469998
47.93,36.57,44.869999,33.310001,18.079999
48.490002,37.060001,46.66,32.720001,18.36
46.790001,36.560001,45.740002,32.380001,18.02
46.639999,36.27,45.09,32.27,17.83
47.23,36.689999,45.029999,32.509998,18.079999
47.349998,36.73,45.150002,32.470001,18.099999
48.169998,37.130001,46.459999,32.82,18.43
48.720001,37.34,47.119999,33.150002,18.54
49,37.639999,47.110001,33.310001,18.649999
48.880001,37.880001,46.919998,33.130001,18.569999
48.919998,37.880001,46.82,33.290001,18.649999
49.009998,37.98,46.66,33.279999,18.7
48.009998,37.459999,45.869999,32.810001,18.489999
48.080002,37.41,46.540001,32.580002,18.649999
47.57,37.740002,46.970001,32.77,18.85
48.18,37.900002,47.48,32.889999,19.049998
49.139999,38.400002,48.110001,33.150002,19.149998
49.759998,38.450001,49.290001,33.330002,19.309999
49.040001,37.889999,48.599998,33.310001,19.169999
48.959999,38.029999,48.75,33.490002,19.25
49.669998,38.200001,48.919998,33.5,19.309999
50.23,38.759998,50.09,33.889999,19.639998
51.09,39.299999,51.34,34.34,19.819999
50.970001,39.259998,50.610001,34.310001,19.69
52.299999,39.880001,51.450001,34.669998,19.95
52.290001,40.200001,51.599998,35.130001,19.99
53.02,40.68,51.66,35.290001,20.039999
53.630001,40.099998,51,35.369999,19.829999
53.349998,40.009998,50.529999,35.220001,19.709998
53.66,40.240002,50.52,35.41,19.73
54.599998,40.52,51.790001,35.540001,19.93
54.669998,40.75,52.279999,35.330002,19.93
55.619999,41.25,53.27,35.529999,20.17
54.59,40.549999,51.990002,35.060001,19.839999
54.490002,40.73,51.959999,35.27,19.860001
54.040001,40.439999,51.23,35.259998,19.679999
53.029999,39.82,50.029999,35.009998,19.36
53.5,40.720001,50.830002,35.380001,19.629998
54.27,41.25,51.599998,35.869999,19.969997
54.360001,41.27,51.93,35.59,19.98
53.490002,40.66,49.950001,35.41,19.649998
53.18,40.27,49.439999,35.400002,19.44
54.169998,40.939999,50.290001,35.459999,19.809999
53.130001,40.16,49.220001,35.009998,19.549998
53.849998,40.610001,49.360001,35.23,19.74
54.110001,40.84,50.009998,35.349998,19.870001
53.549999,40.66,49.529999,35.189999,19.6
52.48,40.09,47.900002,35.060001,19.179999
51.959999,40.959999,46.869999,35.57,19.12
50.919998,39.799999,45.439999,35.389999,18.78
52.080002,40.299999,47,35.939999,19.129999
52.5,41.02,47.610001,35.93,19.319999
53.150002,41.560001,48.279999,36.139999,19.569999
52.790001,41.27,47.970001,36.150002,19.45
52.490002,41.360001,48.25,36.310001,19.51
52.799999,41.220001,48.150002,36.299999,19.529999
52.77,41.220001,47.669998,36.349998,19.469999
53.990002,42.07,48.529999,36.759998,19.819999
54.700001,42.830002,49.52,37.049999,19.969997
54.889999,42.700001,50.209999,37.290001,20.139998
54.830002,42.07,49.630001,37.07,20.019999
55.139999,41.889999,50.040001,37.150002,20.209997
54.970001,42.630001,50.810001,37.66,20.349998
54.889999,43.349998,51.810001,37.5,20.44
55.009998,43.02,51.830002,37.27,20.360001
55.27,43.509998,51.790001,36.740002,20.45
56.369999,44.41,52.689999,37.07,20.719999
56.16,44.450001,52.349998,37.259998,20.729999
56.560001,44.630001,53,37.349998,20.87
56.669998,44.57,52.880001,37.540001,20.790001
56.630001,44.310001,52.189999,37.540001,20.639998
56.5,43.650002,52.66,37.459999,20.66
56.049999,43.509998,52.209999,37.540001,20.639998
55.689999,43.25,51.639999,37.490002,20.489999
55.330002,43.259998,51.779999,37.700001,20.479999
55.73,43.5,52.139999,37.32,20.489999
56.540001,44.259998,52.860001,37.66,20.819998
56.490002,44.490002,53,37.77,20.809999
56.099998,44.34,52.869999,37.740002,20.769999
55.490002,44.029999,51.48,37.610001,20.579998
55.299999,43.27,51.5,37.209999,20.44
54.830002,43.220001,51.779999,37.349998,20.489999
54.52,43.23,51.32,37.169998,20.42
54.09,43.200001,50.900002,37.16,20.339998
54.290001,43.32,51.77,37.110001,20.44
54.150002,43.099998,51.59,36.970001,20.360001
53.290001,42.990002,50.860001,36.77,20.059999
53.290001,42.75,50.349998,36.919998,20.019999
51.830002,42.490002,49.330002,36.66,19.759999
52.119999,42.59,49.919998,36.860001,19.95
51.630001,42.360001,49.16,36.790001,19.809999
52.209999,42.48,49.91,37.400002,20.039999
52.32,42.759998,49.830002,37.32,20.059999
51.799999,42.389999,49.599998,36.919998,19.93
50.599998,41.110001,48.240002,36.110001,19.45
50.580002,41.25,48.310001,36.110001,19.479999
50.700001,41.25,48.470001,36.110001,19.529999
50.529999,41.080002,48.330002,36.130001,19.44
51.130001,41.389999,49.369999,36.060001,19.6
51.869999,41.5,49.599998,36.130001,19.75
52.110001,41.82,49.860001,36.700001,19.799999
52.560001,41.43,49.220001,36.470001,19.799999
52.860001,41.720001,50.09,36.32,20.029999
53.669998,42.450001,51.09,36.709999,20.269999
53.259998,42.5,50.73,36.68,20.289999
52.240002,42.259998,50.259998,36.869999,20.139998
52.59,42.189999,50.490002,37.139999,20.2
53.139999,42.889999,51,37.509998,20.42
53.09,42.849998,51.200001,37.52,20.519999
53.41,43.310001,52.209999,37.84,20.7
52.75,42.959999,51.950001,37.709999,20.62
52.799999,42.849998,51.209999,37.849998,20.43
51.459999,42.310001,49.57,37.360001,20.139998
50.32,41.73,48.959999,36.900002,20.009999
51.700001,41.810001,49.259998,36.759998,20.120001
51.889999,41.610001,48.93,36.540001,20.120001
52.240002,41.59,48.889999,36.5,20.049999
51.689999,41.32,48.509998,36.580002,19.909998
51.959999,41.490002,48.599998,36.709999,20.049999
52.09,41.259998,48.709999,36.389999,20.039999
51.939999,41,48.400002,36.349998,19.889998
52.669998,41.299999,49.139999,36.619999,20.049999
51.830002,40.619999,48.18,36.130001,19.819999
50.869999,40.240002,47.669998,35.700001,19.569999
50.75,40.360001,47.950001,35.959999,19.639998
52.52,41.439999,49.27,36.939999,20.2
52.509998,41.43,49.220001,37.049999,20.309999
52.709999,41.75,49.599998,37.18,20.409998
52.310001,41.540001,48.860001,36.880001,20.259999
54,42.209999,50.84,37.240002,20.69
54.209999,42.68,51.119999,37.68,20.87
54.299999,42.68,51.150002,37.919998,20.91
54.27,42.619999,51.029999,38.060001,20.87
53.619999,42.939999,50.759998,38.07,20.91
52.75,42.759998,50.189999,37.98,20.739999
52.48,42.689999,50.150002,37.799999,20.769999
52.77,42.860001,50.060001,37.830002,20.86
52.68,42.830002,50.150002,37.759998,20.809999
52.73,42.959999,50.220001,37.830002,20.87
52.599998,43.099998,49.889999,37.759998,20.790001
51.540001,42.689999,48.779999,37.360001,20.569999
52.509998,42.669998,48.740002,37.369999,20.62
52.040001,42.700001,48.630001,37.540001,20.629998
51.950001,42.630001,48.380001,37.669998,20.519999
52.099998,42.439999,48.619999,37.919998,20.62
51.650002,41.709999,48.349998,37.470001,20.389998
53.959999,42.709999,49.939999,38.080002,20.86
54.099998,42.75,50.169998,37.939999,20.87
53.970001,42.279999,49.52,37.75,20.67
54.139999,42.759998,49.990002,38.02,20.850001
54.400002,43.09,50.209999,38.279999,21.029999
54.869999,43.540001,50.400002,38.310001,21.129998
55.740002,43.41,50.790001,38.330002,21.12
56.150002,43.560001,51.169998,38.66,21.149998
56.099998,43.619999,50.77,38.740002,21.089998
57.220001,44.080002,51.73,38.860001,21.389998
57.459999,44.360001,52.41,38.950001,21.489999
57.650002,44.48,53.290001,39.209999,21.519999
57.169998,44.310001,53.009998,39.27,21.499999
57.48,44.27,53.049999,39.349998,21.559998
57.220001,44.02,52.919998,39.220001,21.479999
56.98,44.18,52.619999,39.209999,21.469999
56.860001,43.73,52.130001,38.52,21.249999
57.189999,43.75,52.040001,39,21.299998
55.82,43.25,51.060001,38.610001,21.1
56.060001,44.110001,51.490002,39.66,21.389998
56.509998,44.32,52.110001,39.740002,21.479999
56.700001,44.110001,51.740002,39.419998,21.399998
56.07,43.52,50.709999,39.040001,21.11
56.310001,43.5,50.91,39.200001,21.11
56.169998,43.73,50.970001,39.060001,21.129998
56.419998,43.98,50.900002,39.380001,21.259999
55.720001,43.59,50.689999,39.119999,21.12
57.240002,44.93,51.959999,40.119999,21.61
57.23,45.02,51.880001,40.040001,21.579998
57.700001,44.959999,52.209999,40.049999,21.61
58.240002,45.209999,52.41,40.490002,21.709999
58.25,45.389999,52.43,40.599998,21.749999
58.200001,45.540001,52.349998,40.52,21.799998
58.139999,45.5,52.259998,40.369999,21.790001
57.950001,45.5,51.919998,40.27,21.749999
58.48,45.400002,52.110001,40.400002,21.86
58.209999,45.02,52.27,39.889999,21.739999
58.66,45.34,53.400002,40.060001,21.889997
59,45.419998,53.810001,40.59,21.91
58.32,45.400002,54.18,40.93,21.919999
58.869999,45.919998,54.810001,41.09,21.989999
58.759998,46.16,55.200001,41.34,22.069998
58.490002,45.939999,54.720001,41.02,22.030001
57.700001,45.560001,53.720001,40.779999,21.699999
57.740002,45.59,53.950001,40.889999,21.879998
59.490002,46.400002,54.990002,41.5,22.139997
58.990002,46.389999,52.599998,41.459999,21.999999
58.110001,46.389999,52.27,41.450001,21.929999
58.169998,46.5,51.849998,41.580002,21.949999
57.59,46.669998,51.900002,41.439999,21.959999
56.470001,46.349998,50.720001,40.720001,21.6
55.09,45.48,49.330002,40.139999,21.11
55.09,45.529999,48.810001,40.040001,20.979999
55.740002,45.959999,49.599998,40.540001,21.259999
55.529999,45.59,48.080002,39.759998,21.009999
56,46.049999,48.299999,40.119999,21.309998
55.360001,45.34,47.43,39.73,21.059998
54.310001,44.43,46.34,38.779999,20.529999
54.950001,44.77,46.779999,39.110001,20.729999
55.209999,44.23,47.060001,39.110001,20.709997
56.48,44.779999,48.25,39.810001,21.029999
56.619999,45.369999,49.34,40,21.290001
56.740002,45.52,49.32,40.080002,21.309998
57.43,45.970001,49.66,40.290001,21.529999
57.52,45.990002,49.959999,40.349998,21.529999
58.029999,45.98,49.860001,40.27,21.61
58.150002,46.130001,49.52,40.790001,21.639998
58.490002,46.130001,49.380001,40.740002,21.679999
57.259998,45.529999,48.189999,39.950001,21.379998
57.580002,45.630001,48.130001,40.32,21.439999
57.610001,45.599998,48.259998,40.34,21.479999
58.029999,46.080002,48.98,40.799999,21.639998
57.029999,46.080002,48.400002,40.950001,21.509999
56.75,46.049999,48.32,40.970001,21.479999
56.689999,46.049999,48.689999,41.139999,21.59
56.82,46.419998,48.630001,41.139999,21.699999
56.209999,46.150002,47.610001,40.650002,21.529999
57.259998,46.740002,48.830002,41.419998,21.969999
58.16,47.09,49.419998,41.439999,22.199999
58.900002,47.34,49.709999,41.650002,22.269998
59.400002,47.950001,49.619999,42.169998,22.37
59.200001,48.150002,49.57,42.349998,22.379997
58.189999,47.810001,48.43,41.959999,22.229999
57.919998,48.119999,47.98,42.09,22.189999
57.419998,47.84,47.330002,41.700001,21.939999
56.799999,47.400002,46.880001,41.540001,21.799998
57.580002,48.130001,47.73,41.959999,22.030001
58.060001,48.400002,48.139999,42.369999,22.139997
58.299999,47.810001,48.939999,42.34,22.129997
60.110001,49.029999,50.220001,42.900002,22.479999
60.169998,49.119999,50.080002,43.02,22.399999
61.07,48.98,50.049999,43.32,22.39
60.93,48.959999,50.299999,43.419998,22.37
59.900002,48.5,50.16,42.919998,22.139997
59.919998,49.099998,47.450001,42.259998,22.019999
60.040001,49.290001,47.25,42.299999,22.11
60.709999,49.740002,47.599998,42.860001,22.34
60.669998,49.77,47.799999,42.990002,22.379997
60.48,49.759998,48.240002,43.049999,22.429999
60.66,49.830002,47.68,43.02,22.39
59.810001,49.560001,47.110001,42.549999,22.169999
59,48.66,46.549999,42,21.829998
58.849998,48.830002,46.599998,41.790001,21.86
59.27,49.099998,47.16,42.009998,22.049998
57.400002,47.709999,46.23,40.779999,21.540001
55.299999,48.080002,45.68,40.509998,21.279999
54.959999,48.110001,47.669998,40.610001,21.449999
54.799999,48.779999,48.310001,41.009998,21.65
55.259998,49.09,48.18,40.470001,21.819998
55.220001,48.93,48.220001,40.25,21.86
55.029999,49.119999,47.84,40.380001,21.84
55.810001,49.23,48.02,40.639999,21.989999
56.049999,49.59,48.400002,40.939999,22.040001
56.189999,49.32,48.330002,40.650002,22.030001
55.700001,49.049999,47.75,40.220001,21.85
55.490002,48.939999,47.299999,40.16,21.719999
56.099998,49.470001,48.16,40.57,21.929999
55.98,49.639999,47.91,40.779999,21.959999
55.720001,49.639999,47.759998,40.369999,21.999999
55.580002,49.580002,47.73,40.389999,21.989999
54.220001,49.560001,47.18,40.450001,21.9
53.34,49.09,46.360001,40.150002,21.59
54.049999,49.389999,46.700001,40.459999,21.879998
54.360001,49.330002,47.139999,40.330002,21.939999
54.009998,49.080002,46.990002,40.32,21.929999
54.650002,49.759998,47.27,40.450001,22.15
54.619999,49.810001,47.419998,40.529999,22.129997
54.360001,49.290001,47.119999,40.360001,21.969999
53.509998,49.029999,46.52,40.57,21.719999
53.310001,49.080002,46.439999,40.889999,21.749999
53.830002,49.490002,46.77,41.360001,21.86
53.720001,48.959999,46.549999,41.110001,21.729999
54.119999,49.669998,46.849998,41.209999,21.87
54.549999,49.990002,47.139999,41.369999,21.969999
54.529999,50.16,47.290001,41.450001,22.040001
55.139999,50.549999,47.57,41.740002,22.229999
55.450001,50.439999,47.32,42.029999,22.189999
55.720001,50.27,47.279999,42.029999,22.239999
55.57,50.779999,47.57,42.189999,22.290001
55.349998,51.09,47.759998,42.18,22.35
55.599998,51.09,48.189999,42.240002,22.379997
55.68,51.040001,47.880001,42.360001,22.439999
56.630001,51.630001,48.630001,42.490002,22.649999
56.970001,51.98,48.93,42.880001,22.799998
57.419998,52.509998,49.580002,43.52,22.899999
57.900002,52.59,49.330002,43.330002,22.889999
57.27,52.240002,48.810001,42.98,22.739999
57.040001,51.709999,48.27,43.009998,22.6
57.040001,51.900002,47.59,43.060001,22.61
56.869999,51.09,47.639999,42.75,22.499999
57.419998,51.66,47.790001,43.130001,22.729999
57.779999,52.040001,47.93,43.330002,22.86
57.299999,52.02,47.560001,43.279999,22.83
57.549999,52.889999,47.34,43.740002,22.83
58.189999,52.98,48.060001,43.82,22.879997
57.419998,52.490002,47.810001,43.299999,22.729999
57.529999,52.599998,47.82,43.360001,22.749998
57.389999,52.369999,47.23,43.060001,22.669999
57.529999,52.900002,47.139999,43.360001,22.759998
57.619999,52.560001,47.099998,43.32,22.739999
57.57,52.720001,47.459999,43.34,22.879997
56.970001,52.66,48.009998,43.25,22.86
57.049999,53,48.240002,43.59,23.04
56.669998,52.5,47.98,43.48,22.939999
55.759998,52.25,47.419998,43.189999,22.739999
56.02,52.189999,47.380001,43.380001,22.799998
55.560001,51.810001,46.900002,43.099998,22.649999
55.799999,51.490002,47,43.18,22.689999
56.290001,51.310001,48.419998,43.049999,22.83
58.27,51.349998,49.290001,43.299999,22.989998
58.709999,51.169998,49.82,42.529999,22.949999
57.860001,50.68,49.18,41.610001,22.649999
58.23,51.279999,49.560001,42.169998,22.909999
58.240002,51.049999,49.349998,42.119999,22.85
58.669998,51.349998,49.599998,42.25,22.919999
59,51.330002,50.18,42.459999,22.969999
59.169998,51.59,50.09,42.73,23.02
59.009998,51.599998,50.029999,42.75,22.889999
59.189999,51.599998,49.700001,42.57,22.899999
58.639999,51.540001,49.419998,42.639999,22.78
58.91,52.099998,50,42.919998,22.879997
57.669998,50.900002,48.91,42.029999,22.409999
56.48,50.349998,48.099998,41.330002,22.219999
56.650002,50.990002,48.34,41.639999,22.399999
56.060001,50.400002,47.889999,41.169998,22.169999
56.23,50.060001,48.139999,41.080002,22.259999
55.91,49.700001,48.060001,40.68,22.159999
56.34,50,48.450001,41.18,22.379997
56.32,49.889999,48.389999,40.959999,22.399999
56.349998,49.779999,48.439999,41.16,22.449999
56.720001,49.990002,48.75,41.360001,22.549998
56.98,50.380001,49.130001,41.599998,22.689999
56.75,50.209999,48.720001,41.27,22.58
57.23,50.689999,49.509998,41.720001,22.83
57.560001,50.860001,49.700001,41.84,22.87
57.639999,50.849998,49.799999,41.709999,22.929999
58.5,51.290001,51.07,42.189999,23.199999
58.490002,51.18,50.93,42.029999,23.12
59.34,51.450001,51.630001,42.25,23.319998
59.740002,51.560001,52.130001,42.41,23.369999
59.59,51.34,51.860001,42.200001,23.319998
59.16,51.150002,51.389999,42.060001,23.249998
59.450001,51.439999,51.650002,42.279999,23.36
59.669998,51.57,51.959999,42.27,23.449999
59.700001,51.549999,52.23,42.119999,23.409999
59.709999,51.57,52.470001,42.240002,23.429999
59.91,51.650002,52.299999,42.130001,23.459999
59.889999,51.470001,52.049999,42.029999,23.469998
59.060001,51.07,51.259998,41.599998,23.229998
59.220001,51.52,51.830002,41.84,23.35
59.759998,51.59,52.23,42.099998,23.409999
60.029999,51.700001,52.380001,42.200001,23.389999
59.939999,51.939999,52.310001,42.369999,23.379999
59.990002,52.310001,52.360001,42.369999,23.479998
60.310001,52.509998,52.389999,42.689999,23.58
61.32,53.240002,53.66,43.029999,23.809997
61.110001,53.360001,53.48,43.23,23.649999
60.91,52.900002,53.040001,43.02,23.489998
60.939999,52.099998,52.84,42.59,23.33
61.630001,52.130001,53.259998,42.57,23.459999
60.150002,51.41,51.959999,41.869999,23.069998
60.560001,51.869999,52.490002,41.869999,23.29
60.330002,51.689999,52.049999,41.73,23.209999
60.240002,51.869999,51.82,41.830002,23.169999
59.77,51.259998,51.099998,41.259998,22.889999
58.84,51.400002,51.25,41.290001,22.949999
60.299999,52.099998,52.32,41.669998,23.28
60.18,52.029999,52.279999,41.540001,23.209999
59.27,51.080002,51.27,40.599998,22.819998
60.400002,52.150002,52.540001,41.299999,23.249998
59.080002,51.119999,51.139999,40.580002,22.759998
58.52,50.639999,50.110001,40.07,22.58
58.16,50.200001,49.900002,39.860001,22.379997
57.990002,48.830002,51.470001,39.970001,22.469999
55.529999,47.849998,49.68,38.939999,22.040001
55.080002,48.130001,49.75,39.099998,22.040001
56.200001,48.689999,50.07,39.400002,22.319998
56.630001,49.18,50.529999,39.380001,22.449999
57.93,50.450001,51.27,40.27,22.87
57.450001,50.169998,50.700001,39.889999,22.659999
58.060001,50.599998,51.41,40.41,22.879997
58.740002,51.200001,51.799999,40.91,23.1
58.639999,51.310001,51.59,40.959999,23.129997
59.630001,51.779999,52.439999,41.540001,23.379999
59.290001,52.169998,52.650002,41.84,23.439999
59.389999,52.459999,53.150002,42.139999,23.57
60.48,53.09,53.529999,42.599998,23.84
60.880001,53.369999,53.470001,42.919998,23.929999
60.25,53.27,53.189999,43.16,23.939999
61.150002,53.529999,54.02,43.52,24.099999
61.23,54.060001,53.990002,43.919998,24.139999
61.470001,53.84,53.75,43.810001,24.149999
61.93,53.830002,53.889999,43.93,24.28
61.369999,53.580002,53.810001,44.029999,24.200001
60.560001,53.540001,53.419998,43.939999,24.149999
60.23,53.389999,53.439999,43.93,24.139999
60.279999,53.349998,53.380001,43.73,24.059997
60.380001,53.439999,53.57,43.799999,24.059997
60.529999,53.27,53.810001,43.98,24.139999
60.599998,53.360001,53.66,43.889999,24.089999
60.119999,53.48,53.52,43.91,24.089999
60.450001,53.810001,53.66,43.970001,24.209998
60.959999,54.099998,54.400002,44.369999,24.369999
60.299999,53.880001,54.330002,44.009998,24.349999
60.34,54.279999,54.130001,44.380001,24.379999
60.16,54.48,53.970001,44.200001,24.399999
60,53.82,53.349998,43.619999,24.229998
61.080002,54.220001,54.360001,44.07,24.459998
61.540001,54.389999,55.209999,44.32,24.569999
61.380001,54.5,55.18,44.529999,24.599999
62.700001,55.029999,56.080002,45.130001,24.819999
62.669998,54.77,56.369999,45.369999,24.940001
62.450001,54.830002,55.849998,45.209999,24.879999
60.68,54.259998,54.470001,44.639999,24.56
61.139999,54.43,54.509998,44.700001,24.619999
60.040001,53.700001,53.400002,43.889999,24.139999
59.16,53.189999,52.790001,43.450001,23.919999
58.43,52.77,51.169998,43.099998,23.689999
59.77,53.790001,52.450001,43.919998,24.229998
61.48,55.209999,54.099998,45.34,24.79
61.93,54.450001,54.009998,45.200001,24.679998
61.939999,54.970001,53.959999,45.639999,24.849999
62.48,55.470001,54.419998,45.91,24.989998
62.48,55.34,54.540001,45.75,24.949998
62.549999,55.279999,54.43,45.740002,24.95
62.959999,55.709999,54.73,45.66,25.04
63.150002,55.419998,54.84,45.560001,25.01
62.580002,54.82,54.110001,44.950001,24.729998
62.490002,54.700001,54.259998,44.830002,24.729998
60.549999,53.200001,52.549999,43.75,24.209998
58.98,52.09,50.700001,43.169998,23.84
59.07,52.400002,51.169998,43.549999,24.089999
60.389999,53.560001,51.939999,43.869999,24.450001
59.34,52.68,50.779999,42.959999,24.119999
58.830002,52.049999,50.380001,42.560001,23.919999
58.84,51.849998,50.02,42.099998,23.84
56.810001,51.25,49.049999,41.34,23.499998
54.990002,50.720001,47.23,40.939999,23.209999
55.93,51.639999,47.610001,41.52,23.489998
55.709999,52,47.259998,41.209999,23.389999
55.889999,52.099998,47.740002,42.200001,23.449999
57.59,53.77,49.57,43.43,24.03
56.68,53.259998,48.619999,43.32,23.77
56.77,53.580002,48.889999,43.529999,23.889999
56.200001,52.970001,48.310001,42.98,23.629999
54.75,52.16,47.110001,42.099998,23.199999
55.669998,52.759998,47.619999,42.57,23.389999
54.380001,51.919998,46.950001,41.91,23.009998
55.470001,52.810001,47.720001,42.73,23.379999
56.720001,53.450001,48.880001,43.279999,23.77
56.380001,53.029999,48.400002,43.580002,23.709998
56.77,53.669998,48.540001,44,23.950001
57.889999,54.450001,49.139999,44.41,24.139999
57.82,54.209999,49.209999,44.169998,24.02
58.459999,54.57,49.389999,44.52,24.209998
58.369999,53.900002,49.68,44.27,24.209998
59.57,54.860001,50.889999,45.119999,24.450001
59.669998,55.330002,51.200001,45.07,24.429998
60.099998,55.369999,51.689999,45.07,24.51
59.369999,54.52,51.419998,44.529999,24.359999
59.23,54.560001,51.119999,44.32,24.26
59.799999,54.830002,51.779999,44.619999,24.439998
59.349998,55.099998,51.32,44.48,24.379999
60.82,55.369999,51.900002,44.720001,24.5
61.139999,55.330002,52.09,44.84,24.5
61.580002,55.150002,52.41,44.93,24.439998
61.279999,54.790001,52.419998,44.610001,24.349999
61.77,55.549999,53.490002,44.880001,24.53
61.970001,55.450001,53.73,44.75,24.459998
62.130001,54.82,53.669998,44.41,24.309997
62,54.84,53.560001,44.580002,24.409999
60.889999,54.59,53.060001,44.669998,24.229998
61.5,54.669998,52.950001,44.889999,24.339999
59.959999,53.290001,51.23,43.709999,23.82
60.240002,53.700001,52.330002,43.75,23.969998
61.369999,55.59,54.080002,44.470001,24.489998
61,55.34,53.540001,44.290001,24.32
61.849998,55.73,53.689999,44.970001,24.619999
61.610001,55.91,53.84,44.950001,24.56
61.75,56.169998,53.720001,44.849998,24.7
61.200001,55.509998,52.380001,44.439999,24.469998
61.75,56.009998,52.98,44.860001,24.709998
61.139999,55.779999,52.48,44.709999,24.569999
60.459999,55.349998,51.939999,44.200001,24.369999
59.610001,54.540001,51.380001,43.419998,23.979998
59.540001,54.5,51.189999,43.25,23.959998
59.549999,54.119999,51,42.860001,23.929999
60.959999,54.77,51.639999,43.790001,24.28
60.580002,54.400002,51.52,43.669998,24.109999
59.950001,53.939999,51.619999,43.490002,24.089999
60.52,54.369999,51.860001,43.709999,24.209998
60.470001,54.080002,51.619999,43.32,24.249998
60.849998,54.02,51.52,43.349998,24.119999
61.049999,54,51.889999,43.43,24.209998
61.470001,54.189999,52.130001,43.57,24.249998
61.700001,54.32,52.43,43.75,24.239998
62.07,54.59,52.66,44.09,24.329999
63.040001,54.189999,52.73,43.529999,24.329999
64.209999,54.810001,53.209999,43.43,24.419999
63.810001,54.810001,54.02,42.939999,24.459998
62.84,54.049999,53.07,42.439999,24.129999
63.240002,54.360001,53.200001,42.759998,24.229998
62.310001,54.279999,52.48,42.5,24.109999
62.939999,54.669998,53.099998,42.830002,24.28
62.799999,54.860001,53.220001,42.82,24.32
62.599998,54.700001,52.900002,42.740002,24.28
62.34,54.970001,52.799999,42.560001,24.189998
62.759998,55.41,53.02,42.869999,24.329999
63.599998,55.459999,53.759998,42.98,24.32
63.259998,55.099998,53.32,42.869999,24.129999
63.610001,55.189999,53.759998,42.91,24.339999
64.720001,55.73,54.169998,43.540001,24.579999
64.400002,55.720001,53.349998,43.25,24.359999
63.919998,54.919998,52.82,43.099998,24.239998
64.5,54.810001,53.310001,43.099998,24.409999
65.489998,56.049999,54.02,43.860001,24.76
65.449997,55.509998,53.970001,43.75,24.669998
65.360001,55.470001,53.740002,43.900002,24.579999
65.519997,55.599998,54.200001,44.139999,24.589999
66.050003,56.040001,54.599998,44.380001,24.809999
65.879997,55.52,54.240002,43.93,24.7
66.419998,55.75,54.669998,44.200001,24.839999
67.010002,56.400002,55.330002,44.689999,24.979998
66.480003,56.080002,54.889999,44.09,24.909998
66.650002,56.009998,54.84,43.860001,24.849999
66.470001,56,54.970001,43.57,24.859999
65.730003,55.66,54.240002,43.369999,24.579999
66.470001,56.07,54.869999,43.860001,24.849999
66.199997,56.209999,54.549999,43.700001,24.819999
65.779999,55.959999,54.080002,43.110001,24.599999
66.080002,56.040001,54.450001,42.970001,24.619999
66.019997,56.18,54.720001,43.130001,24.659999
66.699997,56.91,55.630001,43.970001,24.869999
66.330002,56.139999,55.330002,43.490002,24.649999
67.419998,56.610001,56.240002,43.990002,24.79
66.889999,56.119999,55.650002,43.66,24.639999
67.18,56.700001,56,44.07,24.699998
68.260002,57.209999,57.02,44.810001,25.049999
68.519997,57.259998,57.209999,44.849998,25.149998
68.25,57.09,57.110001,44.779999,25.04
67.989998,56.98,56.650002,44.400002,24.929998
68.370003,57.220001,57.07,44.59,25.069999
68.139999,57.169998,56.540001,44.639999,25.04
68.779999,57.700001,56.759998,44.779999,25.27
68.080002,57.049999,56.23,44.639999,24.739998
68.959999,57.91,56.950001,44.98,25.119999
69.75,57.889999,57.389999,45.099998,25.169998
69.019997,57.540001,56.66,44.740002,24.959998
68.650002,57.169998,56.189999,44.560001,24.809999
68.949997,57.439999,56.34,44.509998,24.889999
67.199997,56.060001,54.880001,43.41,24.29
67.760002,56.240002,55.240002,43.400002,24.379999
68.07,56.91,55.68,44.150002,24.75
67.519997,56.740002,55.369999,43.619999,24.639999
67.330002,56.439999,55.080002,43.599998,24.54
66.800003,56.25,54.5,43.470001,24.589999
65.43,55.25,52.799999,42.669998,24.159999
66.110001,55.5,53.709999,42.959999,24.349999
67.050003,56.080002,54.560001,43.439999,24.639999
68.089996,56.740002,55.540001,43.830002,24.939998
69.040001,57.25,55.91,43.880001,25
69.190002,57.779999,56.459999,45.529999,25.209998
69.559998,58.169998,58.59,45.860001,25.459998
69.209999,57.939999,58.75,45.849998,25.389998
69.260002,58.049999,58.849998,45.84,25.419998
69.099998,57.950001,59.099998,45.740002,25.389998
70.080002,58.52,60.34,45.950001,25.579999
69.639999,58.209999,59.869999,45.66,25.359999
68.910004,57.779999,58.700001,45.279999,25.119999
68.010002,57.59,57.959999,44.799999,24.939998
68.050003,57.400002,58.369999,44.73,25.04
68.940002,57.959999,58.919998,45.009998,25.289999
69.040001,58.150002,58.880001,45.060001,25.289999
68.529999,57.869999,58.459999,45.209999,25.209998
68.529999,57.91,58.439999,45.080002,25.179998
68.459999,57.82,58.470001,45.220001,25.139999
68.730003,57.650002,58.740002,45.43,25.24
68.25,57.529999,58.099998,45.209999,25.149998
68.050003,57.470001,57.91,45.110001,25.199998
68.889999,57.939999,58.740002,46.02,25.439998
68.230003,57.209999,57.639999,45.400002,25.209998
67.239998,56.720001,56.91,44.889999,24.979998
67.550003,56.889999,57.330002,45.07,25.069999
67.889999,57.330002,57.59,45.599998,25.25
68.07,57.349998,57.77,45.650002,25.299999
68.209999,57.540001,57.549999,45.75,25.28
67.599998,57.060001,57,45.360001,25.049999
65.940002,56.119999,55.330002,44.099998,24.52
63.599998,53.970001,53.599998,42.779999,23.639999
60.25,51.25,50.34,40.75,22.63
59.91,50.02,49.880001,39.759998,22.33
62.91,52.299999,52.279999,41.41,23.169999
64.480003,54.029999,53.439999,42.580002,23.739998
64.129997,53.540001,53.279999,42.59,23.629999
64.099998,53.330002,53.48,42.349998,23.429999
61.450001,50.990002,50.939999,40.27,22.669999
62.57,51.990002,51.75,41.02,22.979999
62.68,52.43,51.790001,41.439999,23.11
61.5,51.290001,50.59,40.549999,22.649999
63.16,52.93,51.650002,41.43,23.229998
62.18,52.189999,50.880001,40.880001,22.909999
62.66,52.560001,51.07,41.099998,23.019998
62.560001,52.619999,51.099998,41.060001,23.12
62.380001,52.77,50.98,40.919998,23.07
63.580002,53.470001,52,42,23.399999
64.139999,53.720001,52.59,42.360001,23.55
62.650002,52.209999,51.650002,41.66,23.219999
60.939999,51.040001,50.290001,41.169998,22.659999
61.450001,51.549999,50.709999,41.52,22.919999
60.91,50.689999,50.380001,41.099998,22.63
60.639999,50.779999,50.119999,41.060001,22.639999
60.220001,50.549999,49.130001,40.759998,22.479999
61.470001,51.48,50.549999,41.669998,22.81
59.98,50.369999,49.029999,40.419998,22.279998
59.84,50.889999,49,40.650002,22.319998
60.970001,51.349998,49.610001,41.009998,22.659999
61.419998,51.439999,49.889999,41.130001,22.669999
60.810001,51.259998,49.880001,40.75,22.699999
62.02,52.41,51.16,41.560001,23.179999
62.049999,52.029999,51.060001,41.490002,23.07
62.130001,52.189999,51.32,41.790001,23.249998
62.130001,52.540001,51.650002,41.900002,23.389999
61.93,52.139999,51.380001,41.580002,23.239998
61.720001,52.18,51.279999,41.630001,23.259998
61.549999,51.860001,51.209999,41.43,23.08
59.990002,51.5,50.720001,40.5,22.889999
61.889999,52.689999,52.970001,41.009998,23.409999
62.43,52.880001,52.689999,40.77,23.55
62.220001,52.560001,52.860001,40.73,23.529998
62.52,53.080002,52.84,41.25,23.669999
62.060001,53.119999,51.810001,41.099998,23.499998
63.189999,54.060001,52.509998,41.84,23.879999
63.869999,54.75,53.639999,42.619999,24.139999
63.900002,54.290001,53.110001,42.52,24.04
63.639999,54.119999,52.610001,42.099998,23.899999
65.5,55.450001,54.73,43.060001,24.459998
65.209999,55.09,53.66,43,24.429998
64.25,54.139999,53.169998,42.18,24.08
65.540001,54.849998,53.830002,42.59,24.409999
65.779999,54.93,54.16,42.700001,24.449998
65.849998,54.580002,53.830002,42.619999,24.379999
66.440002,54.860001,54.150002,42.630001,24.479998
68.459999,55.849998,55.869999,43.720001,24.729998
67.389999,55.470001,55.709999,43.34,24.459998
67.68,55.91,55.799999,43.360001,24.569999
67.349998,55.799999,54.900002,43.330002,24.489998
66,55.169998,53.459999,42.720001,24.119999
65.559998,54.57,53.169998,42.380001,23.919999
66.510002,55.27,53.689999,43.110001,24.209998
66.129997,54.959999,53.490002,43.02,24.159999
67.449997,55.669998,54.98,43.889999,24.589999
67.660004,55.970001,55.060001,44.150002,24.629999
67.540001,55.82,54.75,44.040001,24.669998
66.879997,55.599998,54.279999,43.779999,24.569999
66.779999,55.279999,54.18,43.860001,24.5
66.860001,55.220001,54.080002,43.77,24.52
67.169998,55.389999,54.209999,43.900002,24.579999
66.68,55.099998,54.09,43.889999,24.56
67.610001,55.709999,54.880001,44.310001,24.829999
66.660004,55.080002,54.139999,43.77,24.54
65.800003,54.200001,53.509998,43.200001,24.139999
67.889999,55.669998,55.09,44.34,24.78
67,55.419998,54.400002,44.110001,24.55
65.959999,54.400002,53.389999,43.549999,24.239998
65.459999,54.119999,52.810001,43.009998,23.959998
65.610001,54.34,52.650002,43.18,23.979998
64.07,53.310001,51.110001,42.220001,23.449999
64.269997,53.200001,51.099998,42.43,23.499998
66.099998,54.91,52.52,43.669998,24.05
67.529999,55.849998,53.900002,44.360001,24.439998
66.279999,55.470001,52.84,43.830002,24.089999
64.400002,53.790001,51.209999,42.360001,23.3
65.540001,54.02,51.790001,42.59,23.529998
65.68,54.34,52.009998,42.700001,23.749998
66.730003,55.040001,52.630001,43.48,24.03
66.599998,54.82,52.709999,43.419998,24.009998
66.379997,54.68,52.380001,43.049999,23.989998
67.07,55.290001,52.98,43.52,24.239998
66.589996,54.889999,52.299999,43.009998,24.07
66.029999,54.360001,51.75,42.669998,23.83
63.619999,52.91,51.130001,41.48,23.369999
63.73,52.889999,50.860001,41.68,23.459999
62.810001,51.880001,50.119999,41.049999,23.1
60.27,50.400002,47.560001,40.27,22.449999
58.919998,49.560001,46.130001,39.700001,22.1
58.830002,50.09,46.849998,39.860001,22.13
58.959999,51.360001,46.880001,40.619999,22.299998
57.34,49.73,45.189999,39.009998,21.719999
58.200001,50.639999,45.380001,39.93,21.91
57.040001,48.82,42.470001,39.049999,21.42
57.009998,48.209999,41.939999,39.130001,21.41
55.509998,47.869999,40.490002,38.869999,20.989999
55.25,48.009998,40.150002,38.52,20.9
56.950001,49.02,41.060001,39.369999,21.279999
55.66,47.66,39.549999,38.290001,20.849998
57.080002,48.259998,40.5,39.02,21.199999
57.040001,48.57,40.560001,39.18,21.119998
57.279999,48.919998,40.389999,39.220001,21.13
59.5,50.23,42.580002,40.060001,21.719999
58.860001,49.939999,42.48,39.799999,21.63
57.029999,48.830002,40.419998,38.75,21.029999
57.41,47.599998,40.360001,39.279999,21.049999
58.400002,48.25,40.790001,40.110001,21.229999
57.75,47.860001,39.860001,40.09,20.95
56.540001,46.5,37.810001,39.529999,20.42
56.200001,46.450001,37.509998,39.400002,20.389998
55.52,46.169998,37.41,39.040001,20.279999
53.07,45.16,34.98,37.450001,19.659999
57.490002,47.310001,37.540001,39.099998,20.489999
58.349998,48.240002,38.889999,40.189999,20.819998
58.77,48.130001,39.779999,40.119999,21.099998
57.810001,47.73,38.919998,39.490002,20.979999
57.82,48.09,38.990002,39.459999,20.979999
58.57,49.189999,39.52,40.23,21.309998
56.119999,48.099998,38.220001,38.869999,20.93
56.139999,47.610001,38.09,38.439999,20.88
57.009998,47.75,38.619999,39.139999,21.17
57.540001,48.07,39.5,39.290001,21.319998
56.299999,46.919998,38.849998,38.52,21.089998
59.200001,48.720001,41.27,39.900002,21.799998
59.759998,49.57,42.220001,40.529999,22.039998
59.959999,49.77,42.830002,40.77,22.189999
60.049999,50.110001,42.830002,41.029999,22.279998
59.939999,50.07,42.610001,40.77,22.269998
58.779999,49.049999,41.049999,39.849998,21.91
59.119999,48.790001,41.150002,39.759998,21.939999
58.610001,48.509998,41.369999,39.509998,21.919999
59.34,50.07,42.990002,40.459999,22.489999
59.119999,49.880001,42.669998,40.490002,22.419999
59.200001,49.98,42.59,40.790001,22.409999
58.919998,49.540001,42.23,40.540001,22.36
58.75,49.73,42.849998,40.689999,22.63
60.48,50.540001,43.540001,41.32,22.729999
60.459999,50.669998,43.599998,41.380001,22.689999
60.240002,50.369999,43.380001,41.32,22.62
59.939999,49.759998,42.369999,41.189999,22.449999
59.48,48.900002,41.939999,40.779999,22.309998
59.400002,48.700001,41.919998,40.689999,22.38
59.029999,48.049999,41.720001,40.389999,22.419999
59.709999,48.650002,41.880001,40.990002,22.549998
59.220001,48.360001,41.75,40.59,22.499999
59.869999,48.450001,42.470001,40.700001,22.699999
59.200001,48.5,42.060001,40.68,22.59
58.360001,47.509998,41.509998,40.049999,22.269998
58.810001,48.080002,41.860001,40.09,22.39
57.32,46.93,40.27,39.099998,21.969999
57.740002,47.07,40.470001,39.380001,22.049998
58.200001,47.029999,41.119999,39.529999,22.14
59.279999,47.77,41.900002,40.259998,22.419999
61.790001,49.029999,44.25,41.099998,22.929999
62.59,48.790001,44.98,41.279999,22.979999
61.869999,48.25,44.919998,41.099998,22.899999
62.27,48.84,45.110001,41.209999,23.07
63.32,49.880001,45.630001,41.91,23.36
64.239998,50.450001,46.740002,42.73,23.54
63.599998,50.049999,46.599998,42.560001,23.33
63.970001,50.619999,46.970001,43.299999,23.55
63.599998,50.509998,46.689999,43.049999,23.499998
63.93,50.919998,47.099998,43.369999,23.649999
64.110001,50.93,47.330002,43.529999,23.689999
63.599998,50.41,46.73,43.130001,23.439999
63.200001,49.98,46.279999,42.689999,23.31
63.790001,50.59,46.68,42.970001,23.519998
62.560001,50,45.57,42.5,23.219999
61.57,48.939999,44.66,41.720001,23.039998
61.240002,48.959999,44.23,41.650002,23.029998
61.599998,49.02,44.41,41.779999,23.129999
61.209999,48.880001,43.889999,41.540001,23.07
62.040001,49.400002,44.84,42.060001,23.399999
61.810001,49.080002,44.470001,41.869999,23.149999
61.77,49.200001,44,41.939999,23.159999
61.200001,48.240002,43.110001,41.43,22.879999
61.66,48.27,43.150002,41.689999,22.999998
61.66,47.619999,43.700001,40.720001,22.87
64.040001,48.650002,45.869999,41.619999,23.269998
63.389999,48.380001,45.060001,41.52,23.049998
63.509998,48.75,44.900002,41.740002,23.209999
63.459999,48.700001,45.110001,41.66,23.189999
64.540001,49.200001,45.860001,42.279999,23.54
65.519997,50.5,46.939999,42.959999,23.79
65.029999,50.549999,46.110001,42.669998,23.649999
65.43,50.849998,46.580002,42.950001,23.81
65.269997,50.720001,46.57,42.82,23.749998
65.690002,51,46.939999,43,23.8
65.809998,51.110001,46.970001,43.060001,23.849999
64.639999,50.189999,45.389999,42.369999,23.509998
65.279999,50.490002,45.740002,42.880001,23.649999
65.059998,50.27,45.540001,42.66,23.6
65.25,50,45.560001,42.810001,23.619999
64.75,49.139999,45.009998,42.540001,23.449999
63.84,48.34,43.900002,41.959999,23.159999
63.27,47.970001,43.16,41.68,22.999998
62.080002,46.880001,41.959999,41.189999,22.659999
61.970001,46.779999,42.009998,41.02,22.689999
62.220001,46.849998,42.119999,41.060001,22.749998
62.279999,46.599998,42.48,41.110001,22.61
62.369999,46.93,42.799999,41.220001,22.739999
62.950001,47.23,42.919998,41.369999,22.87
62.709999,46.970001,42.68,41.349998,22.85
64.050003,47.91,44.459999,42.23,23.33
59.599998,45.709999,40.299999,39.860001,22.079998
57.610001,45.009998,38.48,38.689999,21.449999
59.52,46.099998,40.439999,39.080002,21.999999
61.200001,46.970001,42.119999,39.68,22.499999
62.139999,47.330002,42.389999,40.330002,22.86
61.259998,47.029999,42.169998,40.060001,22.739999
59.549999,46.209999,40.779999,39.060001,22.399999
60.189999,46.650002,41.060001,39.200001,22.459999
60.580002,46.799999,41.290001,39.23,22.489999
61.830002,47.790001,41.98,40.09,22.919999
62.27,48.080002,42.290001,40.299999,23.049998
63.200001,48.349998,43.439999,40.669998,23.34
63.16,48.27,43.330002,40.630001,23.34
64.120003,48.939999,44.450001,41.25,23.56
64.18,47.709999,44.330002,41.889999,23.519998
63.959999,48.279999,44.57,41.880001,23.6
63.860001,48.369999,44.349998,41.970001,23.609999
63.93,48.610001,44.470001,41.970001,23.649999
63.689999,48.299999,44.130001,41.880001,23.529998
64.040001,48.32,44.299999,42.189999,23.679999
63.869999,48.119999,44.040001,41.970001,23.629999
64.129997,47.970001,44.150002,41.970001,23.649999
64.330002,48,44.290001,42.009998,23.639999
64.099998,48.130001,44.080002,42.080002,23.689999
63.970001,47.970001,43.810001,42.169998,23.649999
63.799999,47.810001,43.419998,41.68,23.59
63.650002,47.700001,42.990002,41.43,23.389999
64.660004,47.57,43.889999,42.130001,23.629999
64.559998,47.84,43.84,42.029999,23.57
66.300003,48.68,45.720001,42.970001,24.02
66.099998,48.91,45.959999,42.939999,24.05
65.870003,48.93,45.900002,42.830002,24.07
65.279999,48.18,45.450001,42.5,23.879999
65.459999,48.240002,45.73,42.82,23.929999
65.32,47.900002,45.580002,42.73,23.859999
65.720001,48.27,46.389999,42.98,24.02
65.709999,48.439999,46.619999,43.02,23.959998
65.889999,48.610001,46.630001,43.220001,24.04
65.949997,48.529999,46.5,43.220001,24.02
65.860001,48.650002,46.529999,43.349998,24.009998
65.800003,48.630001,46.66,43.369999,24.009998
65.769997,48.41,46.59,43.439999,24.04
65.949997,48.630001,46.66,43.240002,24.03
66.07,48.380001,46.720001,43.400002,24.08
66.220001,48.509998,47.110001,43.400002,24.109999
66.949997,49.560001,47.259998,43.84,24.32
67.5,50.619999,47.900002,44.080002,24.54
67.5,50.799999,47.740002,44.150002,24.56
67.209999,50.43,47.360001,44.029999,24.459998
67.489998,50.549999,47.509998,44.16,24.569999
67.440002,49.990002,47.290001,43.860001,24.53
67.160004,49.77,47.48,43.66,24.52
67.25,49.900002,47.790001,43.84,24.5
66.650002,48.720001,47.169998,43.41,24.04
67.059998,48.540001,47.790001,43.799999,24.31
66.529999,46.959999,46.919998,43.23,23.879999
66.400002,46.52,46.75,42.919998,23.82
66.639999,46.150002,47.080002,43.029999,23.959998
65.82,45.43,46.41,42.599998,23.619999
66.190002,46.009998,46.59,42.860001,19.309999
66.459999,46.560001,46.540001,43.02,19.32
66.839996,45.830002,46.900002,43.259998,19.440001
67.389999,45.720001,47.110001,43.169998,19.48
67.25,45.740002,47.150002,42.959999,19.379999
65.779999,44.880001,45.889999,42.470001,19.07
66.360001,45.09,46.369999,42.900002,19.219999
66.709999,45.310001,46.869999,42.810001,19.309999
65.650002,44.369999,45.799999,42.48,19.040001
66.589996,44.279999,47.23,42.889999,19.299999
66.510002,43.830002,47.029999,42.66,19.209999
66.599998,43.75,47.75,42.849998,19.290001
67.690002,44.990002,48.650002,43.650002,19.6
67.870003,45.18,49.07,43.889999,19.629999
68.110001,45.330002,49.279999,43.700001,19.620001
68.639999,45.650002,49.549999,43.799999,19.719999
68.309998,45.450001,48.990002,43.290001,19.540001
68.129997,45.32,48.700001,43.400002,19.52
67.739998,44.75,48.470001,42.880001,19.33
67.519997,44.709999,48.610001,42.849998,19.42
67.169998,44.5,48.599998,42.720001,19.33
67.699997,44.950001,48.990002,43.009998,19.49
68.349998,45.259998,49.48,43.580002,19.66
68.260002,44.93,49.580002,43.950001,19.66
68.489998,45.09,49.57,43.849998,19.65
68.870003,45.52,49.580002,44.02,19.709999
68.800003,45.720001,49.59,43.84,19.690001
69.129997,46.150002,50.009998,44.23,19.809999
69.230003,46.41,49.93,44.700001,19.860001
69.110001,46.23,49.560001,44.639999,19.77
69.260002,46.009998,49.150002,44.759998,19.74
68.970001,45.990002,48.939999,44.459999,19.66
68.68,45.240002,48.540001,44,19.530001
68.379997,45.34,48.189999,44.049999,19.549999
67.760002,44.599998,48.169998,43.93,19.49
69.879997,45.400002,49.82,44.919998,19.98
70.029999,45.540001,49.91,44.98,19.99
73.25,47.990002,51.59,46.669998,20.84
76.650002,51.630001,53.610001,47.610001,21.610001
76.690002,51.73,52.830002,47.900002,21.67
79.510002,53.220001,54.68,48.73,22.200001
79.360001,52.59,55.450001,48.700001,22.18
77.400002,51.68,54.630001,47.869999,21.860001
78.019997,52.490002,55.450001,48.68,22.16
77.709999,52.82,55.459999,49.23,22.16
78.050003,52.119999,55.540001,49.279999,22.24
78.529999,52.220001,56.099998,49.029999,22.25
78.860001,52.16,56.689999,49.349998,22.379999
78.830002,52.619999,56.779999,49.419998,22.41
78.32,51.580002,55.470001,48.900002,22.15
78.919998,51.860001,55.52,49.099998,22.209999
80.169998,52.919998,56.389999,49.619999,22.51
81.790001,54.34,57.27,50.389999,22.9
81.599998,53.580002,56.02,50,22.65
83.260002,54.349998,57.279999,50.360001,22.92
83.690002,55.549999,57.919998,50.73,23.120001
84.07,57.279999,59.060001,51.360001,23.48
85.120003,57.290001,60.150002,51.900002,23.700001
85.489998,57.139999,60.040001,52.040001,23.75
84.730003,55.779999,59.549999,51.580002,23.52
84.760002,55.84,59.790001,51.700001,23.58
84.730003,54.700001,59.450001,51.73,23.469999
86,55.189999,60.23,51.98,23.67
84.940002,55.34,59.75,51.740002,23.360001
85.43,55.220001,59.66,51.869999,23.370001
86.529999,56.099998,60.799999,52.540001,23.66
86.75,55.709999,60.75,52.169998,23.6
86.889999,55.75,60.490002,52.150002,23.540001
87.050003,55.959999,60.990002,52.200001,23.58
87.129997,55.950001,61.09,52.310001,23.610001
86.5,55.32,60.040001,51.779999,23.370001
85.889999,54.84,59.380001,51.299999,23.200001
86.290001,55.110001,59.43,51.369999,23.25
87.230003,56,60.59,51.459999,23.51
86.910004,56.049999,61.41,51.84,23.700001
86.110001,55.18,60.34,50.970001,23.459999
86.120003,55.040001,60.549999,51.299999,23.540001
86.18,54.240002,60.220001,51.07,23.379999
86.43,54.619999,60.23,51.220001,23.43
87.080002,54.799999,59.959999,51.790001,23.58
86.239998,54.5,59.23,51.43,23.379999
86.699997,55.310001,59.630001,51.689999,23.51
83.550003,53.779999,58.380001,50.310001,22.950001
83.940002,54.27,57.389999,50.560001,23.139999
83.300003,54.580002,56.66,50.73,23.040001
83.669998,55.07,56.110001,51.200001,23.15
83.709999,54.25,55.68,50.970001,23
84.720001,54.700001,56.740002,51.77,23.290001
86.029999,56.619999,57.689999,52.450001,23.68
86.75,57.18,57.360001,52.950001,23.74
86.93,56.59,57.110001,52.990002,23.65
86.029999,56.080002,56.610001,52.849998,23.459999
84.629997,56.330002,55.830002,52.650002,23.309999
84.949997,55.91,56.049999,53.029999,23.34
84.589996,55.75,55.98,53.130001,23.25
87.18,57.27,57.759998,53.66,23.719999
86.769997,56.549999,57.639999,53.400002,23.610001
86.720001,56.34,57.189999,53.200001,23.549999
85.959999,55.630001,56.32,52.889999,23.389999
87.199997,56.73,57.259998,53.540001,23.709999
87,56.860001,57.630001,53.610001,23.780001
88.150002,57.080002,58.950001,54.130001,24.049999
89.559998,57.98,59.830002,54.549999,24.33
90.589996,58.549999,60.5,55.139999,24.52
90.529999,58.119999,60.380001,55.009998,24.459999
90.230003,58.09,60.169998,54.880001,24.469999
91.010002,58.25,60.549999,55.200001,24.59
91.059998,58.360001,60.619999,55.310001,24.610001
91.129997,58.490002,60.619999,55.400002,24.610001
90.330002,57.810001,59.560001,55.099998,24.42
90.43,58.060001,60.02,55.290001,24.549999
90.620003,57.880001,59.810001,55,24.540001
93.599998,59.73,61.540001,56.41,25.24
92.139999,58.709999,60.630001,55.48,24.85
92.800003,58.889999,61,55.549999,24.969999
91.919998,58.610001,60.279999,55.290001,24.780001
91.410004,58.299999,60.5,55.029999,24.709999
91.209999,58.209999,61.110001,54.869999,24.719999
91.57,58.700001,61.549999,54.939999,24.809999
91.279999,58.849998,61.490002,54.939999,24.790001
91.360001,58.700001,61.529999,54.919998,24.85
91.510002,58.759998,61.439999,55,24.780001
91.730003,58.709999,60.84,54.959999,24.74
91.639999,59.32,61.150002,55.029999,24.780001
90.68,58.669998,60.369999,54.689999,24.450001
90.029999,57.630001,59.59,54.240002,24.25
87.389999,55.849998,58.040001,52.689999,23.57
87.529999,55.330002,57.77,52.599998,23.52
87.389999,55.25,58.049999,52.580002,23.57
87.290001,55.830002,58.07,52.57,23.540001
87.239998,55.389999,58.330002,52.200001,23.450001
88.599998,55.959999,59.419998,52.709999,23.77
88.269997,55.669998,59.389999,51.75,23.620001
89.029999,56.240002,60.509998,52.119999,23.93
87.839996,55.66,59.82,51.5,23.73
87.519997,55.490002,59.68,51.549999,23.68
87.309998,55.200001,59.68,51.459999,23.65
86.190002,54.98,59.59,51.040001,23.469999
86.480003,55.369999,59.889999,51.349998,23.620001
86.18,54.84,59.43,51.150002,23.52
85.879997,54.540001,59.279999,50.779999,23.459999
85.730003,54.16,59.029999,50.889999,23.389999
85.400002,53.119999,58.509998,50.700001,23.200001
84.400002,51.349998,58.040001,49.98,22.9
85.860001,52.720001,58.990002,50.540001,23.299999
85.160004,52.450001,58.419998,49.799999,23.08
84.459999,52.150002,57.73,49.689999,23.01
85.550003,53.5,58.41,50.68,23.4
84.519997,53,57.720001,50.509998,23.16
87.5,53.650002,59.439999,51.560001,23.68
88.260002,54.560001,60.209999,52.130001,23.889999
88.43,54.540001,60.099998,52.119999,23.870001
87.610001,54.439999,59.389999,51.919998,23.76
87,53.84,59.119999,51.279999,23.530001
87.059998,54.459999,59.459999,51.700001,23.68
86.5,54.540001,59.709999,51.57,23.65
87,54.849998,60.240002,52.209999,23.84
87.099998,55.18,60.209999,52.310001,23.879999
87,55.110001,60.240002,51.77,23.84
87.099998,55.040001,60.5,52,23.82
86.75,54.68,60.23,51.580002,23.73
87.43,54.720001,60.369999,51.970001,23.809999
